-- phpMyAdmin SQL Dump
-- version 4.0.3
-- http://www.phpmyadmin.net
--
-- Host: 127.0.0.1
-- Generation Time: Apr 24, 2015 at 04:59 PM
-- Server version: 5.5.41-0ubuntu0.14.04.1
-- PHP Version: 5.5.9-1ubuntu4.6

SET SQL_MODE = "NO_AUTO_VALUE_ON_ZERO";


/*!40101 SET @OLD_CHARACTER_SET_CLIENT=@@CHARACTER_SET_CLIENT */;
/*!40101 SET @OLD_CHARACTER_SET_RESULTS=@@CHARACTER_SET_RESULTS */;
/*!40101 SET @OLD_COLLATION_CONNECTION=@@COLLATION_CONNECTION */;
/*!40101 SET NAMES utf8 */;

--
-- Database: `dakodes`
--
CREATE DATABASE IF NOT EXISTS `dakodes` DEFAULT CHARACTER SET latin1 COLLATE latin1_swedish_ci;
USE `dakodes`;

-- --------------------------------------------------------

--
-- Table structure for table `ChessFan`
--

CREATE TABLE IF NOT EXISTS `ChessFan` (
  `ChessFanID` bigint(20) unsigned NOT NULL,
  `NumTournamentsAttended` bigint(20) unsigned NOT NULL,
  `TwitterUserAccountID` bigint(20) unsigned DEFAULT NULL,
  PRIMARY KEY (`ChessFanID`)
) ENGINE=MyISAM DEFAULT CHARSET=utf8;

-- --------------------------------------------------------

--
-- Table structure for table `ChessFanToFavoritePlayersMapping`
--

CREATE TABLE IF NOT EXISTS `ChessFanToFavoritePlayersMapping` (
  `ChessFanToFavoritePlayersMappingID` bigint(20) unsigned NOT NULL AUTO_INCREMENT,
  `ChessFanID` bigint(20) unsigned NOT NULL,
  `PlayerID` bigint(20) unsigned NOT NULL,
  `FanRanking` bigint(20) unsigned NOT NULL,
  PRIMARY KEY (`ChessFanToFavoritePlayersMappingID`)
) ENGINE=MyISAM DEFAULT CHARSET=utf8 AUTO_INCREMENT=1 ;

-- --------------------------------------------------------

--
-- Table structure for table `Exam1_Twitter_Category`
--

CREATE TABLE IF NOT EXISTS `Exam1_Twitter_Category` (
  `category_id` bigint(20) unsigned NOT NULL AUTO_INCREMENT,
  `category` varchar(255) DEFAULT NULL,
  `last_update` datetime NOT NULL DEFAULT '0000-00-00 00:00:00',
  PRIMARY KEY (`category_id`)
) ENGINE=MyISAM  DEFAULT CHARSET=utf8 AUTO_INCREMENT=33 ;

-- --------------------------------------------------------

--
-- Table structure for table `Exam1_Twitter_Tags`
--

CREATE TABLE IF NOT EXISTS `Exam1_Twitter_Tags` (
  `tag_id` bigint(20) unsigned NOT NULL AUTO_INCREMENT,
  `tag` varchar(255) NOT NULL DEFAULT '',
  `last_update` datetime NOT NULL DEFAULT '0000-00-00 00:00:00',
  `created_at` datetime NOT NULL DEFAULT '0000-00-00 00:00:00',
  PRIMARY KEY (`tag_id`,`tag`)
) ENGINE=MyISAM  DEFAULT CHARSET=utf8 AUTO_INCREMENT=33 ;

-- --------------------------------------------------------

--
-- Table structure for table `Exam1_Twitter_Tweets`
--

CREATE TABLE IF NOT EXISTS `Exam1_Twitter_Tweets` (
  `tweet_id` bigint(20) unsigned NOT NULL AUTO_INCREMENT,
  `from_user_id` bigint(20) unsigned NOT NULL DEFAULT '0',
  `tweet` varchar(255) DEFAULT NULL,
  `geo` varchar(255) NOT NULL,
  `created_at` datetime NOT NULL DEFAULT '0000-00-00 00:00:00',
  `category_id` bigint(20) unsigned NOT NULL,
  PRIMARY KEY (`tweet_id`),
  KEY `tweet` (`tweet`)
) ENGINE=MyISAM  DEFAULT CHARSET=utf8 AUTO_INCREMENT=29 ;

-- --------------------------------------------------------

--
-- Table structure for table `Exam1_Twitter_Tweets_Tag_Map`
--

CREATE TABLE IF NOT EXISTS `Exam1_Twitter_Tweets_Tag_Map` (
  `tweet_id` bigint(20) unsigned NOT NULL DEFAULT '0',
  `tag_id` bigint(20) unsigned NOT NULL DEFAULT '0',
  `last_update` datetime NOT NULL DEFAULT '0000-00-00 00:00:00',
  PRIMARY KEY (`tweet_id`,`tag_id`)
) ENGINE=MyISAM DEFAULT CHARSET=utf8;

-- --------------------------------------------------------

--
-- Table structure for table `Exam1_Twitter_Users`
--

CREATE TABLE IF NOT EXISTS `Exam1_Twitter_Users` (
  `user_id` bigint(20) unsigned NOT NULL DEFAULT '0',
  `name` varchar(255) NOT NULL DEFAULT '''''',
  `screen_name` varchar(255) NOT NULL DEFAULT '''''',
  `location` varchar(255) NOT NULL DEFAULT '''''',
  `latitude` double NOT NULL,
  `longitude` double NOT NULL,
  `created_at` datetime NOT NULL DEFAULT '0000-00-00 00:00:00',
  `last_update` datetime NOT NULL DEFAULT '0000-00-00 00:00:00',
  `followers_count` int(11) NOT NULL DEFAULT '0',
  `verified` tinyint(4) NOT NULL DEFAULT '0',
  `geo_enabled` tinyint(4) NOT NULL DEFAULT '0',
  `description` text NOT NULL,
  `time_zone` varchar(255) NOT NULL DEFAULT '',
  `friends_count` int(11) unsigned NOT NULL DEFAULT '0',
  `statuses_count` int(11) unsigned NOT NULL DEFAULT '0',
  `tweet_freq` float NOT NULL DEFAULT '0',
  `bot_count` int(11) unsigned NOT NULL DEFAULT '0',
  `protected` tinyint(4) NOT NULL DEFAULT '0',
  `utc_offset` int(11) NOT NULL DEFAULT '0',
  `notifications` varchar(255) NOT NULL DEFAULT '''''',
  `lang` char(2) NOT NULL DEFAULT '''''',
  `following` varchar(255) NOT NULL DEFAULT '''''',
  `favourites_count` int(10) unsigned NOT NULL DEFAULT '0',
  `url` varchar(255) NOT NULL DEFAULT '''''',
  `contributors_enabled` tinyint(4) NOT NULL DEFAULT '0',
  `is_translator` tinyint(4) NOT NULL DEFAULT '0',
  `listed_count` int(10) unsigned NOT NULL DEFAULT '0',
  `main_category_id` bigint(20) unsigned NOT NULL,
  PRIMARY KEY (`user_id`),
  KEY `screen_name` (`screen_name`)
) ENGINE=MyISAM DEFAULT CHARSET=utf8;

-- --------------------------------------------------------

--
-- Table structure for table `Game`
--

CREATE TABLE IF NOT EXISTS `Game` (
  `GameID` bigint(20) unsigned NOT NULL AUTO_INCREMENT,
  `WinnerPlayerID` bigint(20) unsigned NOT NULL,
  PRIMARY KEY (`GameID`)
) ENGINE=MyISAM  DEFAULT CHARSET=utf8 AUTO_INCREMENT=696 ;

--
-- Dumping data for table `Game`
--

INSERT INTO `Game` (`GameID`, `WinnerPlayerID`) VALUES
(1, 0),
(2, 0),
(3, 0),
(4, 0),
(5, 0),
(6, 4101588),
(7, 0),
(8, 0),
(9, 0),
(10, 0),
(11, 0),
(12, 0),
(13, 2209390),
(14, 2000024),
(15, 0),
(16, 2209390),
(17, 0),
(18, 4101588),
(19, 0),
(20, 4122356),
(21, 0),
(22, 0),
(23, 0),
(24, 4101588),
(25, 0),
(26, 0),
(27, 0),
(28, 0),
(29, 0),
(30, 0),
(31, 2209390),
(32, 13401319),
(33, 0),
(34, 4101588),
(35, 1503014),
(36, 0),
(37, 0),
(38, 0),
(39, 0),
(40, 0),
(41, 0),
(42, 0),
(43, 0),
(44, 703303),
(45, 0),
(46, 0),
(47, 0),
(48, 4168003),
(49, 0),
(50, 0),
(51, 0),
(52, 0),
(53, 0),
(54, 13602640),
(55, 0),
(56, 0),
(57, 0),
(58, 0),
(59, 2021285),
(60, 927031),
(61, 1013068),
(62, 1013068),
(63, 0),
(64, 0),
(65, 0),
(66, 0),
(67, 0),
(68, 0),
(69, 0),
(70, 0),
(71, 0),
(72, 14103052),
(73, 0),
(74, 0),
(75, 0),
(76, 14102595),
(77, 4158814),
(78, 0),
(79, 0),
(80, 0),
(81, 0),
(82, 0),
(83, 0),
(84, 0),
(85, 0),
(86, 0),
(87, 0),
(88, 0),
(89, 4142578),
(90, 0),
(91, 0),
(92, 0),
(93, 0),
(94, 13401378),
(95, 0),
(96, 0),
(97, 4680804),
(98, 0),
(99, 13401378),
(100, 4138147),
(101, 14500124),
(102, 13500139),
(103, 0),
(104, 0),
(105, 0),
(106, 0),
(107, 0),
(108, 0),
(109, 0),
(110, 0),
(111, 13601652),
(112, 0),
(113, 13601520),
(114, 0),
(115, 4100794),
(116, 0),
(117, 13601520),
(118, 0),
(119, 13400304),
(120, 0),
(121, 5018471),
(122, 0),
(123, 4611420),
(124, 13601270),
(125, 1618423),
(126, 0),
(127, 0),
(128, 0),
(129, 0),
(130, 2606771),
(131, 14200937),
(132, 2021285),
(133, 2806851),
(134, 1000063),
(135, 0),
(136, 0),
(137, 0),
(138, 0),
(139, 4156803),
(140, 0),
(141, 0),
(142, 0),
(143, 0),
(144, 4153278),
(145, 0),
(146, 0),
(147, 0),
(148, 4500016),
(149, 0),
(150, 2801990),
(151, 2021285),
(152, 0),
(153, 4118987),
(154, 0),
(155, 2000164),
(156, 13300580),
(157, 0),
(158, 0),
(159, 1119591),
(160, 2801914),
(161, 2000164),
(162, 0),
(163, 2016192),
(164, 0),
(165, 0),
(166, 0),
(167, 14200937),
(168, 2801914),
(169, 13600613),
(170, 0),
(171, 0),
(172, 0),
(173, 0),
(174, 0),
(175, 0),
(176, 2801914),
(177, 0),
(178, 0),
(179, 0),
(180, 4100140),
(181, 24603295),
(182, 0),
(183, 8603405),
(184, 0),
(185, 0),
(186, 6300545),
(187, 1170546),
(188, 8603405),
(189, 0),
(190, 0),
(191, 817570),
(192, 4156803),
(193, 815837),
(194, 0),
(195, 13702661),
(196, 24130737),
(197, 0),
(198, 0),
(199, 0),
(200, 0),
(201, 0),
(202, 8603006),
(203, 0),
(204, 0),
(205, 2000024),
(206, 0),
(207, 0),
(208, 4152956),
(209, 4147235),
(210, 0),
(211, 0),
(212, 0),
(213, 4100115),
(214, 8603537),
(215, 0),
(216, 13900048),
(217, 2802007),
(218, 4158814),
(219, 14107090),
(220, 0),
(221, 107069),
(222, 0),
(223, 0),
(224, 14117908),
(225, 0),
(226, 0),
(227, 4147332),
(228, 0),
(229, 0),
(230, 4189302),
(231, 0),
(232, 2806851),
(233, 0),
(234, 0),
(235, 0),
(236, 0),
(237, 2000024),
(238, 4138716),
(239, 0),
(240, 0),
(241, 2802007),
(242, 0),
(243, 0),
(244, 0),
(245, 0),
(246, 4128125),
(247, 922277),
(248, 13401653),
(249, 0),
(250, 0),
(251, 2806851),
(252, 0),
(253, 0),
(254, 0),
(255, 13502247),
(256, 0),
(257, 0),
(258, 8603820),
(259, 0),
(260, 0),
(261, 13900048),
(262, 0),
(263, 2802007),
(264, 14117908),
(265, 4138716),
(266, 0),
(267, 2000024),
(268, 0),
(269, 4150120),
(270, 4146786),
(271, 4148843),
(272, 0),
(273, 0),
(274, 922277),
(275, 4121830),
(276, 0),
(277, 0),
(278, 5900212),
(279, 4146786),
(280, 2107139),
(281, 0),
(282, 4158814),
(283, 8603677),
(284, 0),
(285, 4142578),
(286, 0),
(287, 0),
(288, 4152956),
(289, 5004225),
(290, 0),
(291, 4199758),
(292, 0),
(293, 4129199),
(294, 4189302),
(295, 8603820),
(296, 2905540),
(297, 14107090),
(298, 13700278),
(299, 0),
(300, 14107090),
(301, 4143183),
(302, 0),
(303, 0),
(304, 8601674),
(305, 0),
(306, 4148843),
(307, 0),
(308, 8603537),
(309, 0),
(310, 0),
(311, 0),
(312, 14200244),
(313, 0),
(314, 4113403),
(315, 0),
(316, 0),
(317, 4142578),
(318, 0),
(319, 0),
(320, 4142527),
(321, 4128125),
(322, 107069),
(323, 4151348),
(324, 2905540),
(325, 4142527),
(326, 8601160),
(327, 0),
(328, 14105730),
(329, 0),
(330, 2806851),
(331, 0),
(332, 0),
(333, 4152956),
(334, 4147235),
(335, 0),
(336, 0),
(337, 4119150),
(338, 922277),
(339, 8603537),
(340, 4199758),
(341, 0),
(342, 0),
(343, 0),
(344, 112275),
(345, 2603608),
(346, 5900212),
(347, 0),
(348, 4140419),
(349, 4152956),
(350, 623539),
(351, 13900048),
(352, 0),
(353, 0),
(354, 0),
(355, 0),
(356, 13302191),
(357, 4129199),
(358, 14200244),
(359, 24130737),
(360, 0),
(361, 0),
(362, 13401653),
(363, 0),
(364, 2000024),
(365, 4122356),
(366, 4125029),
(367, 4135148),
(368, 1610856),
(369, 8603677),
(370, 13702661),
(371, 0),
(372, 0),
(373, 0),
(374, 0),
(375, 4147235),
(376, 14107090),
(377, 0),
(378, 0),
(379, 4135148),
(380, 0),
(381, 0),
(382, 14603853),
(383, 0),
(384, 0),
(385, 0),
(386, 0),
(387, 4122356),
(388, 0),
(389, 0),
(390, 0),
(391, 310204),
(392, 0),
(393, 0),
(394, 4199758),
(395, 0),
(396, 13502247),
(397, 24126055),
(398, 14105730),
(399, 2905540),
(400, 0),
(401, 0),
(402, 0),
(403, 0),
(404, 0),
(405, 0),
(406, 0),
(407, 0),
(408, 0),
(409, 4125029),
(410, 0),
(411, 0),
(412, 0),
(413, 4158814),
(414, 0),
(415, 0),
(416, 0),
(417, 4158814),
(418, 14117908),
(419, 0),
(420, 0),
(421, 8603693),
(422, 24130737),
(423, 0),
(424, 4120086),
(425, 0),
(426, 0),
(427, 0),
(428, 4500261),
(429, 0),
(430, 0),
(431, 8601429),
(432, 14114470),
(433, 8601429),
(434, 5008352),
(435, 0),
(436, 0),
(437, 0),
(438, 0),
(439, 0),
(440, 0),
(441, 912417),
(442, 937614),
(443, 0),
(444, 0),
(445, 2804140),
(446, 0),
(447, 0),
(448, 0),
(449, 634654),
(450, 0),
(451, 0),
(452, 0),
(453, 1124668),
(454, 13900463),
(455, 0),
(456, 13900463),
(457, 937614),
(458, 931152),
(459, 937614),
(460, 0),
(461, 0),
(462, 937614),
(463, 0),
(464, 0),
(465, 0),
(466, 0),
(467, 0),
(468, 0),
(469, 0),
(470, 0),
(471, 0),
(472, 616915),
(473, 0),
(474, 613762),
(475, 0),
(476, 618438),
(477, 0),
(478, 0),
(479, 616915),
(480, 0),
(481, 605590),
(482, 0),
(483, 600172),
(484, 0),
(485, 0),
(486, 0),
(487, 14506661),
(488, 14506661),
(489, 4156803),
(490, 0),
(491, 0),
(492, 2903024),
(493, 0),
(494, 0),
(495, 0),
(496, 13900544),
(497, 4168003),
(498, 4126378),
(499, 4126378),
(500, 13900544),
(501, 0),
(502, 13500481),
(503, 0),
(504, 1124552),
(505, 1129775),
(506, 1121251),
(507, 4119240),
(508, 4147332),
(509, 0),
(510, 4147332),
(511, 4131002),
(512, 0),
(513, 0),
(514, 13603078),
(515, 13602071),
(516, 712779),
(517, 0),
(518, 1113100),
(519, 623539),
(520, 24116068),
(521, 0),
(522, 0),
(523, 0),
(524, 0),
(525, 0),
(526, 0),
(527, 4650891),
(528, 14103320),
(529, 0),
(530, 14102536),
(531, 0),
(532, 2209390),
(533, 5016690),
(534, 633429),
(535, 14200244),
(536, 13300881),
(537, 0),
(538, 0),
(539, 0),
(540, 0),
(541, 605506),
(542, 2209390),
(543, 5007003),
(544, 5016690),
(545, 0),
(546, 0),
(547, 24116068),
(548, 13600966),
(549, 0),
(550, 14103320),
(551, 13900048),
(552, 605506),
(553, 0),
(554, 0),
(555, 5016690),
(556, 0),
(557, 13601520),
(558, 623539),
(559, 0),
(560, 0),
(561, 4162722),
(562, 24116068),
(563, 0),
(564, 13300881),
(565, 0),
(566, 14107295),
(567, 1700030),
(568, 0),
(569, 600270),
(570, 600270),
(571, 616915),
(572, 0),
(573, 0),
(574, 0),
(575, 0),
(576, 0),
(577, 2900440),
(578, 2901595),
(579, 2900440),
(580, 0),
(581, 0),
(582, 1122452),
(583, 1112848),
(584, 0),
(585, 0),
(586, 1118358),
(587, 0),
(588, 1118358),
(589, 0),
(590, 0),
(591, 0),
(592, 0),
(593, 0),
(594, 1130420),
(595, 1112635),
(596, 0),
(597, 1121251),
(598, 1126881),
(599, 1112635),
(600, 0),
(601, 0),
(602, 1132253),
(603, 0),
(604, 1122452),
(605, 1112848),
(606, 1105680),
(607, 1112635),
(608, 1107038),
(609, 1102222),
(610, 1105663),
(611, 1126881),
(612, 1110381),
(613, 0),
(614, 1104306),
(615, 0),
(616, 0),
(617, 0),
(618, 1130420),
(619, 1111914),
(620, 1111914),
(621, 1100220),
(622, 1104306),
(623, 0),
(624, 0),
(625, 1107038),
(626, 1110381),
(627, 0),
(628, 1134167),
(629, 1102222),
(630, 1107038),
(631, 0),
(632, 1118358),
(633, 1105663),
(634, 1121251),
(635, 1130420),
(636, 0),
(637, 1110381),
(638, 1116207),
(639, 1121251),
(640, 0),
(641, 1112635),
(642, 0),
(643, 1105680),
(644, 0),
(645, 0),
(646, 1112635),
(647, 0),
(648, 1118358),
(649, 1112848),
(650, 1104306),
(651, 1122320),
(652, 1102222),
(653, 0),
(654, 4154720),
(655, 4147332),
(656, 0),
(657, 4128737),
(658, 0),
(659, 4147332),
(660, 0),
(661, 4128737),
(662, 4154720),
(663, 1503014),
(664, 4167570),
(665, 0),
(666, 0),
(667, 0),
(668, 0),
(669, 0),
(670, 1115120),
(671, 1129775),
(672, 1112953),
(673, 1115120),
(674, 0),
(675, 14500310),
(676, 0),
(677, 0),
(678, 1109243),
(679, 0),
(680, 0),
(681, 13402960),
(682, 0),
(683, 1130170),
(684, 1129708),
(685, 1130170),
(686, 600270),
(687, 24104272),
(688, 0),
(689, 0),
(690, 0),
(691, 0),
(692, 0),
(693, 0),
(694, 0),
(695, 0);

-- --------------------------------------------------------

--
-- Table structure for table `GameToPlayerMapping`
--

CREATE TABLE IF NOT EXISTS `GameToPlayerMapping` (
  `GameToPlayerMappingID` bigint(20) unsigned NOT NULL AUTO_INCREMENT,
  `GameID` bigint(20) unsigned NOT NULL,
  `PlayerID` bigint(20) unsigned NOT NULL,
  PRIMARY KEY (`GameToPlayerMappingID`)
) ENGINE=MyISAM  DEFAULT CHARSET=utf8 AUTO_INCREMENT=1391 ;

--
-- Dumping data for table `GameToPlayerMapping`
--

INSERT INTO `GameToPlayerMapping` (`GameToPlayerMappingID`, `GameID`, `PlayerID`) VALUES
(1, 1, 2805677),
(2, 1, 703303),
(3, 2, 4122356),
(4, 2, 2209390),
(5, 3, 1503014),
(6, 3, 2000024),
(7, 4, 14100010),
(8, 4, 4101588),
(9, 5, 13401319),
(10, 5, 4138147),
(11, 6, 4101588),
(12, 6, 13401319),
(13, 7, 2209390),
(14, 7, 2805677),
(15, 8, 2000024),
(16, 8, 14100010),
(17, 9, 4138147),
(18, 9, 4122356),
(19, 10, 703303),
(20, 10, 1503014),
(21, 11, 14100010),
(22, 11, 703303),
(23, 12, 4122356),
(24, 12, 4101588),
(25, 13, 4138147),
(26, 13, 2209390),
(27, 14, 13401319),
(28, 14, 2000024),
(29, 15, 1503014),
(30, 15, 2805677),
(31, 16, 2209390),
(32, 16, 1503014),
(33, 17, 2805677),
(34, 17, 14100010),
(35, 18, 4101588),
(36, 18, 4138147),
(37, 19, 703303),
(38, 19, 13401319),
(39, 20, 2000024),
(40, 20, 4122356),
(41, 21, 4122356),
(42, 21, 703303),
(43, 22, 14100010),
(44, 22, 1503014),
(45, 23, 4138147),
(46, 23, 2000024),
(47, 24, 4101588),
(48, 24, 2209390),
(49, 25, 13401319),
(50, 25, 2805677),
(51, 26, 2805677),
(52, 26, 4122356),
(53, 27, 703303),
(54, 27, 4138147),
(55, 28, 2000024),
(56, 28, 4101588),
(57, 29, 2209390),
(58, 29, 14100010),
(59, 30, 1503014),
(60, 30, 13401319),
(61, 31, 2000024),
(62, 31, 2209390),
(63, 32, 13401319),
(64, 32, 14100010),
(65, 33, 4138147),
(66, 33, 2805677),
(67, 34, 4101588),
(68, 34, 703303),
(69, 35, 4122356),
(70, 35, 1503014),
(71, 36, 703303),
(72, 36, 2000024),
(73, 37, 2805677),
(74, 37, 4101588),
(75, 38, 14100010),
(76, 38, 4122356),
(77, 39, 2209390),
(78, 39, 13401319),
(79, 40, 1503014),
(80, 40, 4138147),
(81, 41, 4122356),
(82, 41, 13401319),
(83, 42, 4101588),
(84, 42, 1503014),
(85, 43, 2000024),
(86, 43, 2805677),
(87, 44, 703303),
(88, 44, 2209390),
(89, 45, 4138147),
(90, 45, 14100010),
(91, 46, 4113217),
(92, 46, 4126378),
(93, 47, 4135229),
(94, 47, 4113217),
(95, 48, 4168003),
(96, 48, 4126378),
(97, 49, 4135229),
(98, 49, 4168003),
(99, 50, 4135229),
(100, 50, 4126378),
(101, 51, 4113217),
(102, 51, 4168003),
(103, 52, 700029),
(104, 52, 3205207),
(105, 53, 700029),
(106, 53, 3205207),
(107, 54, 13602640),
(108, 54, 13601903),
(109, 55, 700010),
(110, 55, 700061),
(111, 56, 718939),
(112, 56, 702218),
(113, 57, 700029),
(114, 57, 921637),
(115, 58, 718572),
(116, 58, 719978),
(117, 59, 700118),
(118, 59, 2021285),
(119, 60, 927031),
(120, 60, 2021285),
(121, 61, 1013068),
(122, 61, 5018471),
(123, 62, 1013068),
(124, 62, 1001302),
(125, 63, 1011316),
(126, 63, 5018471),
(127, 64, 927031),
(128, 64, 1013068),
(129, 65, 4112849),
(130, 65, 4122232),
(131, 66, 4159659),
(132, 66, 14103222),
(133, 67, 14101130),
(134, 67, 4135202),
(135, 68, 4122232),
(136, 68, 4144031),
(137, 69, 4167392),
(138, 69, 4142586),
(139, 70, 4122259),
(140, 70, 4167392),
(141, 71, 4135202),
(142, 71, 4158814),
(143, 72, 4189302),
(144, 72, 14103052),
(145, 73, 4159659),
(146, 73, 14102595),
(147, 74, 4144031),
(148, 74, 4113217),
(149, 75, 4100514),
(150, 75, 4135202),
(151, 76, 4142578),
(152, 76, 14102595),
(153, 77, 14101130),
(154, 77, 4158814),
(155, 78, 4122232),
(156, 78, 4167392),
(157, 79, 4113217),
(158, 79, 4122178),
(159, 80, 4122259),
(160, 80, 4112849),
(161, 81, 4152956),
(162, 81, 4120949),
(163, 82, 301264),
(164, 82, 4122232),
(165, 83, 4120213),
(166, 83, 14103222),
(167, 84, 14103052),
(168, 84, 4120086),
(169, 85, 4158814),
(170, 85, 4100514),
(171, 86, 4189302),
(172, 86, 4120086),
(173, 87, 14102595),
(174, 87, 4152956),
(175, 88, 4171055),
(176, 88, 14103052),
(177, 89, 4142578),
(178, 89, 4159659),
(179, 90, 14102595),
(180, 90, 4120213),
(181, 91, 14103222),
(182, 91, 4142578),
(183, 92, 14200880),
(184, 92, 13500465),
(185, 93, 4100794),
(186, 93, 4100638),
(187, 94, 4121830),
(188, 94, 13401378),
(189, 95, 13401378),
(190, 95, 4140419),
(191, 96, 13700278),
(192, 96, 12100196),
(193, 97, 13400630),
(194, 97, 4680804),
(195, 98, 13600095),
(196, 98, 4122747),
(197, 99, 4680804),
(198, 99, 13401378),
(199, 100, 4140419),
(200, 100, 4138147),
(201, 101, 14500124),
(202, 101, 13500465),
(203, 102, 13500139),
(204, 102, 4140419),
(205, 103, 13401378),
(206, 103, 13401319),
(207, 104, 14500124),
(208, 104, 13700278),
(209, 105, 12100196),
(210, 105, 13601733),
(211, 106, 4100794),
(212, 106, 13500139),
(213, 107, 14100932),
(214, 107, 13401653),
(215, 108, 4122763),
(216, 108, 14100932),
(217, 109, 13401653),
(218, 109, 14200880),
(219, 110, 13601520),
(220, 110, 4140419),
(221, 111, 13601652),
(222, 111, 14103222),
(223, 112, 14100932),
(224, 112, 4138147),
(225, 113, 13601520),
(226, 113, 4100794),
(227, 114, 4100638),
(228, 114, 13500465),
(229, 115, 4100794),
(230, 115, 14200880),
(231, 116, 13500139),
(232, 116, 14100932),
(233, 117, 12100196),
(234, 117, 13601520),
(235, 118, 13600095),
(236, 118, 13601652),
(237, 119, 13601865),
(238, 119, 13400304),
(239, 120, 13400304),
(240, 120, 5018471),
(241, 121, 657883),
(242, 121, 5018471),
(243, 122, 4173708),
(244, 122, 13400304),
(245, 123, 1113500),
(246, 123, 4611420),
(247, 124, 1602829),
(248, 124, 13601270),
(249, 125, 4650905),
(250, 125, 1618423),
(251, 126, 1104306),
(252, 126, 6500617),
(253, 127, 1104306),
(254, 127, 3801497),
(255, 128, 2606771),
(256, 128, 921629),
(257, 129, 912417),
(258, 129, 2021722),
(259, 130, 2000164),
(260, 130, 2606771),
(261, 131, 14200937),
(262, 131, 2801914),
(263, 132, 921629),
(264, 132, 2021285),
(265, 133, 4634527),
(266, 133, 2806851),
(267, 134, 1000063),
(268, 134, 2800705),
(269, 135, 2021722),
(270, 135, 14400030),
(271, 136, 14400030),
(272, 136, 13300580),
(273, 137, 4662997),
(274, 137, 4156803),
(275, 138, 900885),
(276, 138, 4650905),
(277, 139, 4156803),
(278, 139, 900885),
(279, 140, 1010824),
(280, 140, 1010697),
(281, 141, 4650905),
(282, 141, 4156803),
(283, 142, 4650905),
(284, 142, 4662997),
(285, 143, 4153278),
(286, 143, 4143183),
(287, 144, 14114330),
(288, 144, 4153278),
(289, 145, 4153278),
(290, 145, 4135202),
(291, 146, 4143183),
(292, 146, 14114330),
(293, 147, 4135202),
(294, 147, 4143183),
(295, 148, 2000202),
(296, 148, 4500016),
(297, 149, 4131061),
(298, 149, 2002035),
(299, 150, 2801990),
(300, 150, 2801914),
(301, 151, 2021285),
(302, 151, 6500617),
(303, 152, 2023970),
(304, 152, 2604493),
(305, 153, 4500016),
(306, 153, 4118987),
(307, 154, 2002035),
(308, 154, 2000164),
(309, 155, 2000164),
(310, 155, 1119591),
(311, 156, 1119591),
(312, 156, 13300580),
(313, 157, 13300580),
(314, 157, 2801990),
(315, 158, 2000091),
(316, 158, 2023970),
(317, 159, 1119591),
(318, 159, 2000091),
(319, 160, 2801914),
(320, 160, 2000024),
(321, 161, 2000164),
(322, 161, 2606771),
(323, 162, 2801990),
(324, 162, 2016192),
(325, 163, 4118987),
(326, 163, 2016192),
(327, 164, 4500016),
(328, 164, 2801990),
(329, 165, 6500617),
(330, 165, 13600613),
(331, 166, 4100140),
(332, 166, 2802341),
(333, 167, 2023970),
(334, 167, 14200937),
(335, 168, 14200937),
(336, 168, 2801914),
(337, 169, 13600613),
(338, 169, 2021722),
(339, 170, 2012529),
(340, 170, 304760),
(341, 171, 2801990),
(342, 171, 14200937),
(343, 172, 13300580),
(344, 172, 4100140),
(345, 173, 2801914),
(346, 173, 2021285),
(347, 174, 2000024),
(348, 174, 2000091),
(349, 175, 2000024),
(350, 175, 2000202),
(351, 176, 2801914),
(352, 176, 6500617),
(353, 177, 1119591),
(354, 177, 14200937),
(355, 178, 4100140),
(356, 178, 4118987),
(357, 179, 2606771),
(358, 179, 2002035),
(359, 180, 2002035),
(360, 180, 4100140),
(361, 181, 24603295),
(362, 181, 6300545),
(363, 182, 1170546),
(364, 182, 1510045),
(365, 183, 8603405),
(366, 183, 5045207),
(367, 184, 5074452),
(368, 184, 5045207),
(369, 185, 1510045),
(370, 185, 6300545),
(371, 186, 6300545),
(372, 186, 5045207),
(373, 187, 6300545),
(374, 187, 1170546),
(375, 188, 8603405),
(376, 188, 5074452),
(377, 189, 5045207),
(378, 189, 1510045),
(379, 190, 1170546),
(380, 190, 8603405),
(381, 191, 4662997),
(382, 191, 817570),
(383, 192, 815837),
(384, 192, 4156803),
(385, 193, 4662997),
(386, 193, 815837),
(387, 194, 2026961),
(388, 194, 4156803),
(389, 195, 13702661),
(390, 195, 4147332),
(391, 196, 24130737),
(392, 196, 633429),
(393, 197, 4135148),
(394, 197, 4151348),
(395, 198, 4142527),
(396, 198, 2107139),
(397, 199, 930849),
(398, 199, 107069),
(399, 200, 1610856),
(400, 200, 13302191),
(401, 201, 4144031),
(402, 201, 4128125),
(403, 202, 8603006),
(404, 202, 8601674),
(405, 203, 8603693),
(406, 203, 13400819),
(407, 204, 4122356),
(408, 204, 5004225),
(409, 205, 922277),
(410, 205, 2000024),
(411, 206, 4119150),
(412, 206, 4138716),
(413, 207, 8603677),
(414, 207, 4113403),
(415, 208, 2905540),
(416, 208, 4152956),
(417, 209, 4147235),
(418, 209, 4189302),
(419, 210, 2806851),
(420, 210, 4142578),
(421, 211, 14200244),
(422, 211, 8603820),
(423, 212, 4150120),
(424, 212, 310204),
(425, 213, 4100115),
(426, 213, 4199758),
(427, 214, 8603537),
(428, 214, 4146786),
(429, 215, 24126055),
(430, 215, 4140419),
(431, 216, 13900048),
(432, 216, 13700278),
(433, 217, 14603853),
(434, 217, 2802007),
(435, 218, 4148843),
(436, 218, 4158814),
(437, 219, 14107090),
(438, 219, 8601160),
(439, 220, 14117908),
(440, 220, 4121830),
(441, 221, 107069),
(442, 221, 13502247),
(443, 222, 13302191),
(444, 222, 4142527),
(445, 223, 4140419),
(446, 223, 4135148),
(447, 224, 633429),
(448, 224, 14117908),
(449, 225, 13400819),
(450, 225, 8603006),
(451, 226, 4143183),
(452, 226, 24130737),
(453, 227, 4147332),
(454, 227, 4144031),
(455, 228, 13700278),
(456, 228, 4125029),
(457, 229, 5004225),
(458, 229, 4119150),
(459, 230, 4189302),
(460, 230, 623539),
(461, 231, 4129199),
(462, 231, 922277),
(463, 232, 2806851),
(464, 232, 8603537),
(465, 233, 4152956),
(466, 233, 4147235),
(467, 234, 4142578),
(468, 234, 14200244),
(469, 235, 4122356),
(470, 235, 8603677),
(471, 236, 8603820),
(472, 236, 13401653),
(473, 237, 2000024),
(474, 237, 1610856),
(475, 238, 4138716),
(476, 238, 930849),
(477, 239, 4199758),
(478, 239, 4150120),
(479, 240, 2107139),
(480, 240, 13900048),
(481, 241, 2802007),
(482, 241, 8602522),
(483, 242, 4121830),
(484, 242, 24126055),
(485, 243, 4158814),
(486, 243, 14603853),
(487, 244, 4146786),
(488, 244, 14107090),
(489, 245, 8601160),
(490, 245, 4148843),
(491, 246, 24604747),
(492, 246, 4128125),
(493, 247, 922277),
(494, 247, 310204),
(495, 248, 13401653),
(496, 248, 4199758),
(497, 249, 4189302),
(498, 249, 4113403),
(499, 250, 24126055),
(500, 250, 8601160),
(501, 251, 4142527),
(502, 251, 2806851),
(503, 252, 1610856),
(504, 252, 4158814),
(505, 253, 14603853),
(506, 253, 4121830),
(507, 254, 14200244),
(508, 254, 4152956),
(509, 255, 13502247),
(510, 255, 24604747),
(511, 256, 4147235),
(512, 256, 4142578),
(513, 257, 8603677),
(514, 257, 4129199),
(515, 258, 14107090),
(516, 258, 8603820),
(517, 259, 8603537),
(518, 259, 4122356),
(519, 260, 623539),
(520, 260, 5004225),
(521, 261, 13900048),
(522, 261, 4144031),
(523, 262, 14105730),
(524, 262, 13700278),
(525, 263, 8601674),
(526, 263, 2802007),
(527, 264, 14117908),
(528, 264, 112275),
(529, 265, 24130737),
(530, 265, 4138716),
(531, 266, 2107139),
(532, 266, 4140419),
(533, 267, 5900212),
(534, 267, 2000024),
(535, 268, 4125029),
(536, 268, 13302191),
(537, 269, 4150120),
(538, 269, 107069),
(539, 270, 13702661),
(540, 270, 4146786),
(541, 271, 4148843),
(542, 271, 4143183),
(543, 272, 4135148),
(544, 272, 633429),
(545, 273, 4138716),
(546, 273, 4135148),
(547, 274, 4144031),
(548, 274, 922277),
(549, 275, 4121830),
(550, 275, 2603608),
(551, 276, 107069),
(552, 276, 4100115),
(553, 277, 13302191),
(554, 277, 930849),
(555, 278, 5900212),
(556, 278, 8603693),
(557, 279, 4146786),
(558, 279, 4128125),
(559, 280, 24604747),
(560, 280, 2107139),
(561, 281, 2802007),
(562, 281, 13702661),
(563, 282, 4158814),
(564, 282, 8601674),
(565, 283, 2000024),
(566, 283, 8603677),
(567, 284, 2806851),
(568, 284, 310204),
(569, 285, 4142578),
(570, 285, 4142527),
(571, 286, 4119150),
(572, 286, 4147235),
(573, 287, 4113403),
(574, 287, 4122356),
(575, 288, 4152956),
(576, 288, 8603537),
(577, 289, 5004225),
(578, 289, 24130737),
(579, 290, 8601160),
(580, 290, 14603853),
(581, 291, 4199758),
(582, 291, 13900048),
(583, 292, 4151348),
(584, 292, 24126055),
(585, 293, 4129199),
(586, 293, 4148843),
(587, 294, 4140419),
(588, 294, 4189302),
(589, 295, 8603820),
(590, 295, 4125029),
(591, 296, 13700278),
(592, 296, 2905540),
(593, 297, 4143183),
(594, 297, 14107090),
(595, 298, 4150120),
(596, 298, 13700278),
(597, 299, 2603608),
(598, 299, 112275),
(599, 300, 14107090),
(600, 300, 5900212),
(601, 301, 14105730),
(602, 301, 4143183),
(603, 302, 4100115),
(604, 302, 13302191),
(605, 303, 2107139),
(606, 303, 633429),
(607, 304, 8601674),
(608, 304, 4147332),
(609, 305, 1610856),
(610, 305, 4144031),
(611, 306, 4148843),
(612, 306, 24604747),
(613, 307, 2000024),
(614, 307, 8601160),
(615, 308, 8603537),
(616, 308, 24130737),
(617, 309, 623539),
(618, 309, 4151348),
(619, 310, 310204),
(620, 310, 5004225),
(621, 311, 4122356),
(622, 311, 4119150),
(623, 312, 14200244),
(624, 312, 4199758),
(625, 313, 13401653),
(626, 313, 4152956),
(627, 314, 4135148),
(628, 314, 4113403),
(629, 315, 14603853),
(630, 315, 4129199),
(631, 316, 24126055),
(632, 316, 4158814),
(633, 317, 13702661),
(634, 317, 4142578),
(635, 318, 8603677),
(636, 318, 4140419),
(637, 319, 4125029),
(638, 319, 2806851),
(639, 320, 4142527),
(640, 320, 922277),
(641, 321, 4128125),
(642, 321, 813192),
(643, 322, 14117908),
(644, 322, 107069),
(645, 323, 4151348),
(646, 323, 14117908),
(647, 324, 4138716),
(648, 324, 2905540),
(649, 325, 107069),
(650, 325, 4142527),
(651, 326, 8601160),
(652, 326, 2107139),
(653, 327, 4144031),
(654, 327, 4100115),
(655, 328, 13400819),
(656, 328, 14105730),
(657, 329, 5202213),
(658, 329, 8601674),
(659, 330, 2806851),
(660, 330, 8603693),
(661, 331, 24604747),
(662, 331, 4189302),
(663, 332, 4142578),
(664, 332, 623539),
(665, 333, 4152956),
(666, 333, 1610856),
(667, 334, 4147235),
(668, 334, 4135148),
(669, 335, 4122356),
(670, 335, 13401653),
(671, 336, 24130737),
(672, 336, 14200244),
(673, 337, 4119150),
(674, 337, 4125029),
(675, 338, 922277),
(676, 338, 2802007),
(677, 339, 13302191),
(678, 339, 8603537),
(679, 340, 4199758),
(680, 340, 14107090),
(681, 341, 4140419),
(682, 341, 13702661),
(683, 342, 4113403),
(684, 342, 14603853),
(685, 343, 4129199),
(686, 343, 24126055),
(687, 344, 112275),
(688, 344, 13502247),
(689, 345, 8603006),
(690, 345, 2603608),
(691, 346, 5900212),
(692, 346, 4128125),
(693, 347, 2107139),
(694, 347, 4121830),
(695, 348, 13502247),
(696, 348, 4140419),
(697, 349, 2603608),
(698, 349, 4152956),
(699, 350, 623539),
(700, 350, 5900212),
(701, 351, 13900048),
(702, 351, 13400819),
(703, 352, 2802007),
(704, 352, 107069),
(705, 353, 8603693),
(706, 353, 8601160),
(707, 354, 4150120),
(708, 354, 24604747),
(709, 355, 4142527),
(710, 355, 4144031),
(711, 356, 14105730),
(712, 356, 13302191),
(713, 357, 8601674),
(714, 357, 4129199),
(715, 358, 14200244),
(716, 358, 2806851),
(717, 359, 2905540),
(718, 359, 24130737),
(719, 360, 8603537),
(720, 360, 4199758),
(721, 361, 24126055),
(722, 361, 4113403),
(723, 362, 13401653),
(724, 362, 14117908),
(725, 363, 310204),
(726, 363, 4142578),
(727, 364, 5004225),
(728, 364, 2000024),
(729, 365, 4189302),
(730, 365, 4122356),
(731, 366, 4125029),
(732, 366, 4151348),
(733, 367, 4135148),
(734, 367, 4158814),
(735, 368, 1610856),
(736, 368, 8603006),
(737, 369, 8603677),
(738, 369, 813192),
(739, 370, 13702661),
(740, 370, 8603820),
(741, 371, 4143183),
(742, 371, 5202213),
(743, 372, 4128125),
(744, 372, 112275),
(745, 373, 930849),
(746, 373, 13700278),
(747, 374, 5900212),
(748, 374, 13900048),
(749, 375, 4147235),
(750, 375, 4148843),
(751, 376, 13700278),
(752, 376, 14107090),
(753, 377, 4121830),
(754, 377, 8601674),
(755, 378, 4140419),
(756, 378, 13400819),
(757, 379, 5202213),
(758, 379, 4135148),
(759, 380, 8601160),
(760, 380, 13702661),
(761, 381, 4129199),
(762, 381, 2107139),
(763, 382, 14603853),
(764, 382, 14105730),
(765, 383, 2000024),
(766, 383, 8603537),
(767, 384, 4158814),
(768, 384, 4189302),
(769, 385, 4142578),
(770, 385, 4125029),
(771, 386, 14117908),
(772, 386, 2905540),
(773, 387, 4122356),
(774, 387, 8602522),
(775, 388, 8603820),
(776, 388, 623539),
(777, 389, 13302191),
(778, 389, 2802007),
(779, 390, 24130737),
(780, 390, 13401653),
(781, 391, 4138716),
(782, 391, 310204),
(783, 392, 8603006),
(784, 392, 4100115),
(785, 393, 24604747),
(786, 393, 922277),
(787, 394, 4199758),
(788, 394, 930849),
(789, 395, 4147332),
(790, 395, 4143183),
(791, 396, 633429),
(792, 396, 13502247),
(793, 397, 4146786),
(794, 397, 24126055),
(795, 398, 14105730),
(796, 398, 813192),
(797, 399, 2905540),
(798, 399, 4143183),
(799, 400, 8601674),
(800, 400, 4140419),
(801, 401, 2107139),
(802, 401, 5202213),
(803, 402, 13702661),
(804, 402, 4113403),
(805, 403, 4142527),
(806, 403, 13700278),
(807, 404, 4135148),
(808, 404, 4129199),
(809, 405, 623539),
(810, 405, 4138716),
(811, 406, 2802007),
(812, 406, 5900212),
(813, 407, 310204),
(814, 407, 8603820),
(815, 408, 4148843),
(816, 408, 4122356),
(817, 409, 4125029),
(818, 409, 107069),
(819, 410, 13400819),
(820, 410, 4121830),
(821, 411, 8602522),
(822, 411, 4147235),
(823, 412, 13900048),
(824, 412, 13302191),
(825, 413, 2603608),
(826, 413, 4158814),
(827, 414, 1610856),
(828, 414, 24604747),
(829, 415, 24126055),
(830, 415, 2806851),
(831, 416, 922277),
(832, 416, 4199758),
(833, 417, 2603608),
(834, 417, 4158814),
(835, 418, 14117908),
(836, 418, 4147332),
(837, 419, 5004225),
(838, 419, 4144031),
(839, 420, 4150120),
(840, 420, 8603006),
(841, 421, 8603693),
(842, 421, 633429),
(843, 422, 8603677),
(844, 422, 24130737),
(845, 423, 4104358),
(846, 423, 4501047),
(847, 424, 4120086),
(848, 424, 1700120),
(849, 425, 4104358),
(850, 425, 4120086),
(851, 426, 4650905),
(852, 426, 12800023),
(853, 427, 12800023),
(854, 427, 4500261),
(855, 428, 4500261),
(856, 428, 4650905),
(857, 429, 4600428),
(858, 429, 12800023),
(859, 430, 403989),
(860, 430, 4600428),
(861, 431, 8601429),
(862, 431, 14114470),
(863, 432, 14114470),
(864, 432, 4600428),
(865, 433, 8601429),
(866, 433, 403989),
(867, 434, 1200372),
(868, 434, 5008352),
(869, 435, 4600428),
(870, 435, 633429),
(871, 436, 4203380),
(872, 436, 1203975),
(873, 437, 916811),
(874, 437, 4203380),
(875, 438, 922412),
(876, 438, 900885),
(877, 439, 2900017),
(878, 439, 912417),
(879, 440, 937614),
(880, 440, 916811),
(881, 441, 1203975),
(882, 441, 912417),
(883, 442, 4203380),
(884, 442, 937614),
(885, 443, 603767),
(886, 443, 2804140),
(887, 444, 4150120),
(888, 444, 4653530),
(889, 445, 2804140),
(890, 445, 1017063),
(891, 446, 4125029),
(892, 446, 603767),
(893, 447, 603767),
(894, 447, 634654),
(895, 448, 2801914),
(896, 448, 1301837),
(897, 449, 634654),
(898, 449, 600113),
(899, 450, 2804158),
(900, 450, 600113),
(901, 451, 603767),
(902, 451, 900389),
(903, 452, 2801914),
(904, 452, 4125029),
(905, 453, 1124668),
(906, 453, 1130420),
(907, 454, 13900463),
(908, 454, 14505320),
(909, 455, 937614),
(910, 455, 14104369),
(911, 456, 13900463),
(912, 456, 931152),
(913, 457, 14505320),
(914, 457, 937614),
(915, 458, 14505320),
(916, 458, 931152),
(917, 459, 931152),
(918, 459, 937614),
(919, 460, 14104369),
(920, 460, 13900463),
(921, 461, 14104369),
(922, 461, 931152),
(923, 462, 937614),
(924, 462, 13900463),
(925, 463, 623539),
(926, 463, 603767),
(927, 464, 604011),
(928, 464, 600016),
(929, 465, 608742),
(930, 465, 623539),
(931, 466, 604011),
(932, 466, 618438),
(933, 467, 603252),
(934, 467, 623539),
(935, 468, 603767),
(936, 468, 604011),
(937, 469, 623539),
(938, 469, 616834),
(939, 470, 604011),
(940, 470, 608742),
(941, 471, 600164),
(942, 471, 613762),
(943, 472, 613762),
(944, 472, 616915),
(945, 473, 605590),
(946, 473, 623539),
(947, 474, 600172),
(948, 474, 613762),
(949, 475, 604011),
(950, 475, 603252),
(951, 476, 618438),
(952, 476, 623539),
(953, 477, 616834),
(954, 477, 604011),
(955, 478, 604011),
(956, 478, 605590),
(957, 479, 616915),
(958, 479, 600164),
(959, 480, 623539),
(960, 480, 600016),
(961, 481, 605590),
(962, 481, 603767),
(963, 482, 600164),
(964, 482, 600172),
(965, 483, 600172),
(966, 483, 616915),
(967, 484, 604011),
(968, 484, 623539),
(969, 485, 1610856),
(970, 485, 4156803),
(971, 486, 14602296),
(972, 486, 14506661),
(973, 487, 14506661),
(974, 487, 4156803),
(975, 488, 14506661),
(976, 488, 1610856),
(977, 489, 14602296),
(978, 489, 4156803),
(979, 490, 2901188),
(980, 490, 1208110),
(981, 491, 921637),
(982, 491, 2903024),
(983, 492, 2903024),
(984, 492, 15002187),
(985, 493, 4168003),
(986, 493, 24109959),
(987, 494, 4126378),
(988, 494, 4168003),
(989, 495, 13500481),
(990, 495, 4126378),
(991, 496, 13900544),
(992, 496, 24109959),
(993, 497, 4168003),
(994, 497, 13500481),
(995, 498, 4126378),
(996, 498, 13900544),
(997, 499, 4126378),
(998, 499, 24109959),
(999, 500, 4168003),
(1000, 500, 13900544),
(1001, 501, 13900544),
(1002, 501, 13500481),
(1003, 502, 24109959),
(1004, 502, 13500481),
(1005, 503, 1121251),
(1006, 503, 1124668),
(1007, 504, 1124552),
(1008, 504, 1124668),
(1009, 505, 1132199),
(1010, 505, 1129775),
(1011, 506, 1121251),
(1012, 506, 1124552),
(1013, 507, 4119240),
(1014, 507, 24126454),
(1015, 508, 4100654),
(1016, 508, 4147332),
(1017, 509, 4119240),
(1018, 509, 4105109),
(1019, 510, 24126454),
(1020, 510, 4147332),
(1021, 511, 4131002),
(1022, 511, 4100654),
(1023, 512, 4156803),
(1024, 512, 4100654),
(1025, 513, 4156803),
(1026, 513, 24126454),
(1027, 514, 13602250),
(1028, 514, 13603078),
(1029, 515, 13602071),
(1030, 515, 13600842),
(1031, 516, 712779),
(1032, 516, 705713),
(1033, 517, 5007003),
(1034, 517, 4100107),
(1035, 518, 5016690),
(1036, 518, 1113100),
(1037, 519, 2209390),
(1038, 519, 623539),
(1039, 520, 24116068),
(1040, 520, 605506),
(1041, 521, 4650891),
(1042, 521, 14112906),
(1043, 522, 13500139),
(1044, 522, 13601520),
(1045, 523, 14112906),
(1046, 523, 13600966),
(1047, 524, 4100107),
(1048, 524, 14102536),
(1049, 525, 1113100),
(1050, 525, 13500139),
(1051, 526, 13601520),
(1052, 526, 13900463),
(1053, 527, 13900048),
(1054, 527, 4650891),
(1055, 528, 14103320),
(1056, 528, 5007003),
(1057, 529, 605506),
(1058, 529, 5016690),
(1059, 530, 14102536),
(1060, 530, 14103320),
(1061, 531, 13500139),
(1062, 531, 605506),
(1063, 532, 2209390),
(1064, 532, 14112906),
(1065, 533, 5016690),
(1066, 533, 24116068),
(1067, 534, 633429),
(1068, 534, 2900394),
(1069, 535, 4156803),
(1070, 535, 14200244),
(1071, 536, 13300881),
(1072, 536, 4100107),
(1073, 537, 13900463),
(1074, 537, 1113100),
(1075, 538, 13600966),
(1076, 538, 13900048),
(1077, 539, 623539),
(1078, 539, 13900048),
(1079, 540, 13900463),
(1080, 540, 24116068),
(1081, 541, 13601520),
(1082, 541, 605506),
(1083, 542, 2209390),
(1084, 542, 4650891),
(1085, 543, 14102536),
(1086, 543, 5007003),
(1087, 544, 13500139),
(1088, 544, 5016690),
(1089, 545, 14200244),
(1090, 545, 13900463),
(1091, 546, 14112906),
(1092, 546, 623539),
(1093, 547, 24116068),
(1094, 547, 13500139),
(1095, 548, 4650891),
(1096, 548, 13600966),
(1097, 549, 1113100),
(1098, 549, 13601520),
(1099, 550, 14103320),
(1100, 550, 13300881),
(1101, 551, 13900048),
(1102, 551, 605506),
(1103, 552, 605506),
(1104, 552, 1113100),
(1105, 553, 13600966),
(1106, 553, 2209390),
(1107, 554, 14103320),
(1108, 554, 4100107),
(1109, 555, 5016690),
(1110, 555, 13900463),
(1111, 556, 5007003),
(1112, 556, 13300881),
(1113, 557, 24116068),
(1114, 557, 13601520),
(1115, 558, 4650891),
(1116, 558, 623539),
(1117, 559, 4162722),
(1118, 559, 633429),
(1119, 560, 623539),
(1120, 560, 13600966),
(1121, 561, 2900394),
(1122, 561, 4162722),
(1123, 562, 1113100),
(1124, 562, 24116068),
(1125, 563, 14112906),
(1126, 563, 13900048),
(1127, 564, 13300881),
(1128, 564, 14102536),
(1129, 565, 13601520),
(1130, 565, 5016690),
(1131, 566, 14107295),
(1132, 566, 3502783),
(1133, 567, 1700030),
(1134, 567, 14107295),
(1135, 568, 600270),
(1136, 568, 616915),
(1137, 569, 600270),
(1138, 569, 2901188),
(1139, 570, 600270),
(1140, 570, 616834),
(1141, 571, 616915),
(1142, 571, 665274),
(1143, 572, 2901595),
(1144, 572, 2900440),
(1145, 573, 2900440),
(1146, 573, 2900041),
(1147, 574, 2900041),
(1148, 574, 2901595),
(1149, 575, 2903024),
(1150, 575, 2904292),
(1151, 576, 2904292),
(1152, 576, 1205730),
(1153, 577, 2903024),
(1154, 577, 2900440),
(1155, 578, 2901595),
(1156, 578, 2903024),
(1157, 579, 2900440),
(1158, 579, 2904292),
(1159, 580, 2903024),
(1160, 580, 2900041),
(1161, 581, 1100220),
(1162, 581, 1132253),
(1163, 582, 1122452),
(1164, 582, 1119290),
(1165, 583, 1134167),
(1166, 583, 1112848),
(1167, 584, 1102222),
(1168, 584, 1126881),
(1169, 585, 1112635),
(1170, 585, 1105663),
(1171, 586, 1118358),
(1172, 586, 1130420),
(1173, 587, 1107038),
(1174, 587, 1121251),
(1175, 588, 1111914),
(1176, 588, 1118358),
(1177, 589, 1112848),
(1178, 589, 1132253),
(1179, 590, 1121251),
(1180, 590, 1102222),
(1181, 591, 1105663),
(1182, 591, 1107038),
(1183, 592, 1122452),
(1184, 592, 1104306),
(1185, 593, 1116207),
(1186, 593, 1110381),
(1187, 594, 1105680),
(1188, 594, 1130420),
(1189, 595, 1126881),
(1190, 595, 1112635),
(1191, 596, 1118358),
(1192, 596, 1110381),
(1193, 597, 1104306),
(1194, 597, 1121251),
(1195, 598, 1126881),
(1196, 598, 1105680),
(1197, 599, 1112635),
(1198, 599, 1107038),
(1199, 600, 1102222),
(1200, 600, 1105663),
(1201, 601, 1130420),
(1202, 601, 1116207),
(1203, 602, 1132253),
(1204, 602, 1134167),
(1205, 603, 1100220),
(1206, 603, 1119290),
(1207, 604, 1122452),
(1208, 604, 1132253),
(1209, 605, 1119290),
(1210, 605, 1112848),
(1211, 606, 1105680),
(1212, 606, 1100220),
(1213, 607, 1112635),
(1214, 607, 1104306),
(1215, 608, 1107038),
(1216, 608, 1118358),
(1217, 609, 1110381),
(1218, 609, 1102222),
(1219, 610, 1105663),
(1220, 610, 1130420),
(1221, 611, 1111914),
(1222, 611, 1126881),
(1223, 612, 1110381),
(1224, 612, 1105680),
(1225, 613, 1126881),
(1226, 613, 1105663),
(1227, 614, 1104306),
(1228, 614, 1116207),
(1229, 615, 1118358),
(1230, 615, 1112635),
(1231, 616, 1102222),
(1232, 616, 1107038),
(1233, 617, 1132253),
(1234, 617, 1119290),
(1235, 618, 1130420),
(1236, 618, 1100220),
(1237, 619, 1134167),
(1238, 619, 1111914),
(1239, 620, 1111914),
(1240, 620, 1112848),
(1241, 621, 1100220),
(1242, 621, 1122452),
(1243, 622, 1134167),
(1244, 622, 1104306),
(1245, 623, 1105680),
(1246, 623, 1118358),
(1247, 624, 1102222),
(1248, 624, 1112635),
(1249, 625, 1107038),
(1250, 625, 1130420),
(1251, 626, 1121251),
(1252, 626, 1110381),
(1253, 627, 1116207),
(1254, 627, 1105663),
(1255, 628, 1119290),
(1256, 628, 1134167),
(1257, 629, 1104306),
(1258, 629, 1102222),
(1259, 630, 1110381),
(1260, 630, 1107038),
(1261, 631, 1112635),
(1262, 631, 1116207),
(1263, 632, 1118358),
(1264, 632, 1126881),
(1265, 633, 1105663),
(1266, 633, 1112848),
(1267, 634, 1100220),
(1268, 634, 1121251),
(1269, 635, 1130420),
(1270, 635, 1111914),
(1271, 636, 1111914),
(1272, 636, 1100220),
(1273, 637, 1134167),
(1274, 637, 1110381),
(1275, 638, 1116207),
(1276, 638, 1122452),
(1277, 639, 1121251),
(1278, 639, 1132253),
(1279, 640, 1102222),
(1280, 640, 1118358),
(1281, 641, 1112848),
(1282, 641, 1112635),
(1283, 642, 1126881),
(1284, 642, 1104306),
(1285, 643, 1105680),
(1286, 643, 1119290),
(1287, 644, 1100220),
(1288, 644, 1116207),
(1289, 645, 1105663),
(1290, 645, 1134167),
(1291, 646, 1112635),
(1292, 646, 1119290),
(1293, 647, 1122452),
(1294, 647, 1107038),
(1295, 648, 1118358),
(1296, 648, 1121251),
(1297, 649, 1112848),
(1298, 649, 1105680),
(1299, 650, 1104306),
(1300, 650, 1130420),
(1301, 651, 1122320),
(1302, 651, 1122681),
(1303, 652, 1132253),
(1304, 652, 1102222),
(1305, 653, 4128737),
(1306, 653, 4147332),
(1307, 654, 4119932),
(1308, 654, 4154720),
(1309, 655, 4147332),
(1310, 655, 14700077),
(1311, 656, 4119932),
(1312, 656, 4147332),
(1313, 657, 14700077),
(1314, 657, 4128737),
(1315, 658, 4128737),
(1316, 658, 4119932),
(1317, 659, 4154720),
(1318, 659, 4147332),
(1319, 660, 4119932),
(1320, 660, 14700077),
(1321, 661, 4128737),
(1322, 661, 4154720),
(1323, 662, 4154720),
(1324, 662, 14700077),
(1325, 663, 1503014),
(1326, 663, 1500015),
(1327, 664, 4167570),
(1328, 664, 14111330),
(1329, 665, 4641833),
(1330, 665, 14111330),
(1331, 666, 1112953),
(1332, 666, 1115120),
(1333, 667, 1132199),
(1334, 667, 1134167),
(1335, 668, 1101684),
(1336, 668, 1115120),
(1337, 669, 1129708),
(1338, 669, 1132253),
(1339, 670, 1115120),
(1340, 670, 1134167),
(1341, 671, 1129775),
(1342, 671, 1129708),
(1343, 672, 1129708),
(1344, 672, 1112953),
(1345, 673, 1115120),
(1346, 673, 1133950),
(1347, 674, 1503014),
(1348, 674, 4107730),
(1349, 675, 14500310),
(1350, 675, 1503014),
(1351, 676, 1122428),
(1352, 676, 1121499),
(1353, 677, 1121499),
(1354, 677, 1109243),
(1355, 678, 1109243),
(1356, 678, 1124480),
(1357, 679, 4000013),
(1358, 679, 657883),
(1359, 680, 13602640),
(1360, 680, 13600842),
(1361, 681, 13402960),
(1362, 681, 13600842),
(1363, 682, 13602640),
(1364, 682, 13402960),
(1365, 683, 1132199),
(1366, 683, 1130170),
(1367, 684, 1129708),
(1368, 684, 1130170),
(1369, 685, 1130170),
(1370, 685, 1126881),
(1371, 686, 617938),
(1372, 686, 600270),
(1373, 687, 13900544),
(1374, 687, 24104272),
(1375, 688, 13900544),
(1376, 688, 14100932),
(1377, 689, 14100932),
(1378, 689, 24104272),
(1379, 690, 4126378),
(1380, 690, 13900544),
(1381, 691, 4126378),
(1382, 691, 24104272),
(1383, 692, 14100932),
(1384, 692, 4126378),
(1385, 693, 4501047),
(1386, 693, 11600136),
(1387, 694, 4132394),
(1388, 694, 14200147),
(1389, 695, 14200147),
(1390, 695, 5008123);

-- --------------------------------------------------------

--
-- Table structure for table `Player`
--

CREATE TABLE IF NOT EXISTS `Player` (
  `PlayerID` bigint(20) unsigned NOT NULL,
  `PlayerName` varchar(255) DEFAULT NULL,
  `ELORating` bigint(20) unsigned NOT NULL DEFAULT '0',
  `Title` varchar(255) DEFAULT NULL,
  `YearOfBirth` bigint(20) unsigned NOT NULL,
  PRIMARY KEY (`PlayerID`)
) ENGINE=MyISAM DEFAULT CHARSET=utf8;

--
-- Dumping data for table `Player`
--

INSERT INTO `Player` (`PlayerID`, `PlayerName`, `ELORating`, `Title`, `YearOfBirth`) VALUES
(1503014, 'Magnus Carlsen', 2863, 'GM', 1990),
(4100018, 'Garry Kasparov', 2812, 'GM', 1963),
(2020009, 'Fabiano Caruana', 2802, 'GM', 1992),
(2016192, 'Hikaru Nakamura', 2798, 'GM', 1987),
(2900084, 'Veselin Topalov', 2798, 'GM', 1975),
(4126025, 'Alexander Grischuk', 2794, 'GM', 1983),
(5000017, 'Viswanathan Anand', 2791, 'GM', 1969),
(24116068, 'Anish Giri', 2790, 'GM', 1994),
(4101588, 'Vladimir Kramnik', 2783, 'GM', 1975),
(13300474, 'Levon Aronian', 2770, 'GM', 1982),
(623539, 'Maxime Vachier-Lagrave', 2762, 'GM', 1990),
(14109603, 'Sergey Karjakin', 2757, 'GM', 1990),
(13401319, 'Shakhriyar Mamedyarov', 2754, 'GM', 1985),
(2805677, 'Boris Gelfand', 2747, 'GM', 1968),
(400041, 'Michael Adams', 2746, 'GM', 1971),
(4147235, 'Evgeny Tomashevsky', 2745, 'GM', 1987),
(309095, 'David Navara', 2744, 'GM', 1985),
(4122356, 'Dmitry Jakovenko', 2744, 'GM', 1983),
(1118358, 'Radoslaw Wojtaszek', 2738, 'GM', 1987),
(13400924, 'Teimour Radjabov', 2738, 'GM', 1987),
(13400630, 'Vugar Gashimov', 2737, 'GM', 1986),
(4152956, 'Nikita Vitiugov', 2736, 'GM', 1987),
(14102951, 'Pavel Eljanov', 2733, 'GM', 1983),
(14100010, 'Vassily Ivanchuk', 2731, 'GM', 1969),
(5007003, 'P Harikrishna', 2731, 'GM', 1986),
(8604436, 'Chao B Li', 2730, 'GM', 1989),
(8601429, 'Yue Wang', 2726, 'GM', 1987),
(8603820, 'Yangyi Yu', 2724, 'GM', 1994),
(4158814, 'Dmitry Andreikin', 2723, 'GM', 1990),
(4650891, 'Arkadij Naiditsch', 2720, 'GM', 1985),
(4168119, 'Ian Nepomniachtchi', 2716, 'GM', 1990),
(14103320, 'Ruslan Ponomariov', 2714, 'GM', 1983),
(8602883, 'Hao Wang', 2713, 'GM', 1989),
(14200244, 'Rustam Kasimdzhanov', 2712, 'GM', 1979),
(608742, 'Laurent Fressinet', 2712, 'GM', 1981),
(4116992, 'Alexander Morozevich', 2711, 'GM', 1977),
(738590, 'Richard Rapport', 2710, 'GM', 1996),
(14105730, 'Anton Korobov', 2707, 'GM', 1985),
(605506, 'Etienne Bacrot', 2706, 'GM', 1983),
(4120787, 'Vladimir Malakhov', 2706, 'GM', 1980),
(8601160, 'Hua Ni', 2704, 'GM', 1983),
(4168003, 'Maxim Matlakov', 2699, 'GM', 1991),
(13601520, 'Baadur Jobava', 2699, 'GM', 1983),
(702293, 'Zoltan Almasi', 2698, 'GM', 1976),
(14102560, 'Alexander Moiseenko', 2697, 'GM', 1980),
(2205530, 'Francisco Vallejo Pons', 2696, 'GM', 1982),
(12401137, 'Quang Liem Le', 2693, 'GM', 1991),
(2209390, 'Alexei Shirov', 2691, 'GM', 1972),
(3503739, 'Lazaro Bruzon Batista', 2691, 'GM', 1982),
(4162722, 'Ernesto Inarkiev', 2690, 'GM', 1985),
(410608, 'David W L Howell', 2687, 'GM', 1990),
(8602980, 'Yifan Hou', 2686, 'GM', 1994),
(404853, 'Luke J Mcshane', 2685, 'GM', 1984),
(8601445, 'Xiangzhi Bu', 2681, 'GM', 1985),
(2000024, 'Gata Kamsky', 2680, 'GM', 1974),
(2905540, 'Ivan Cheparinov', 2680, 'GM', 1986),
(4189302, 'Sanan Sjugirov', 2677, 'GM', 1993),
(700070, 'Judit Polgar', 2675, 'GM', 1976),
(13300881, 'Gabriel Sargissian', 2674, 'GM', 1983),
(702218, 'Zoltan Gyimesi', 2674, 'GM', 1977),
(24130737, 'Vladimir Fedoseev', 2674, 'GM', 1995),
(4129199, 'Boris Grachev', 2671, 'GM', 1986),
(4125029, 'Alexander Riazantsev', 2671, 'GM', 1985),
(24101605, 'Vladislav Artemiev', 2671, 'GM', 1998),
(2806851, 'Maxim Rodshtein', 2667, 'GM', 1989),
(14101025, 'Alexander Onischuk', 2665, 'GM', 1975),
(310204, 'Sergei Movsesian', 2665, 'GM', 1978),
(14117908, 'Igor Kovalenko', 2665, 'GM', 1988),
(5016690, 'Parimarjan Negi', 2664, 'GM', 1993),
(1610856, 'Markus Ragger', 2664, 'GM', 1988),
(4118987, 'Evgeniy Najer', 2663, 'GM', 1977),
(4100140, 'Evgeny Bareev', 2663, 'GM', 1966),
(1000268, 'Loek Van Wely', 2663, 'GM', 1972),
(316385, 'Viktor Laznicka', 2662, 'GM', 1988),
(1008013, 'Sergei Tiviakov', 2662, 'GM', 1973),
(2004887, 'Samuel L Shankland', 2661, 'GM', 1991),
(14107090, 'Andrei Volokitin', 2660, 'GM', 1986),
(13301616, 'Tigran L Petrosian', 2660, 'GM', 1984),
(4113403, 'Vadim Zvjaginsev', 2658, 'GM', 1976),
(600016, 'Joel Lautier', 2658, 'GM', 1973),
(400173, 'Matthew D Sadler', 2658, 'GM', 1974),
(4142578, 'Denis Khismatullin', 2658, 'GM', 1984),
(13502956, 'Sergei Zhigalko', 2657, 'GM', 1989),
(13300032, 'Vladimir Akopian', 2656, 'GM', 1971),
(2023970, 'Ray Robson', 2656, 'GM', 1994),
(14107201, 'Zahar Efimenko', 2656, 'GM', 1985),
(4138147, 'Evgeny Alekseev', 2654, 'GM', 1985),
(5004985, 'Krishnan Sasikiran', 2654, 'GM', 1981),
(14114470, 'Andrey Vovk', 2654, 'GM', 1991),
(4121830, 'Alexander Motylev', 2653, 'GM', 1979),
(2801990, 'Ilia Smirin', 2652, 'GM', 1968),
(13401653, 'Rauf Mamedov', 2651, 'GM', 1988),
(1503707, 'Jon Ludvig Hammer', 2651, 'GM', 1990),
(718939, 'Csaba Balogh', 2651, 'GM', 1987),
(14109530, 'Alexander Areshchenko', 2651, 'GM', 1986),
(1202758, 'Liviu-Dieter Nisipeanu', 2651, 'GM', 1976),
(13302485, 'Hrant Melkumyan', 2651, 'GM', 1989),
(14114038, 'Vladimir Onischuk', 2651, 'GM', 1991),
(11600454, 'Daniel Fridman', 2650, 'GM', 1976),
(618438, 'Vladislav Tkachiev', 2649, 'GM', 1973),
(3800024, 'Julio E Granda Zuniga', 2649, 'GM', 1967),
(4170350, 'Ivan Popov', 2648, 'GM', 1990),
(4157770, 'Vladimir Afromeev', 2646, 'FM', 1954),
(13301527, 'Tigran Gharamian', 2645, 'GM', 1984),
(4100069, 'Valery Salov', 2644, 'GM', 1964),
(14603853, 'Luka Lenic', 2642, 'GM', 1988),
(1112635, 'Mateusz Bartel', 2642, 'GM', 1985),
(4101685, 'Konstantin Landa', 2641, 'GM', 1972),
(409561, 'Gawain C B Jones', 2641, 'GM', 1987),
(2026961, 'Daniel Naroditsky', 2640, 'GM', 1995),
(4625498, 'Jan Gustafsson', 2639, 'GM', 1979),
(14116804, 'Yaroslav Zherebukh', 2639, 'GM', 1993),
(912417, 'Ivan Ivanisevic', 2638, 'GM', 1977),
(13601326, 'Zurab Azmaiparashvili', 2637, 'GM', 1960),
(13402129, 'Eltaj Safarli', 2637, 'GM', 1992),
(4100107, 'Aleksey Dreev', 2636, 'GM', 1969),
(14508150, 'Ivan Saric', 2636, 'GM', 1990),
(1116207, 'Grzegorz Gajewski', 2636, 'GM', 1985),
(1207822, 'Constantin Lupulescu', 2635, 'GM', 1984),
(4132181, 'Dmitry Kokarev', 2635, 'GM', 1982),
(5021596, 'S P Sethuraman', 2634, 'GM', 1993),
(10601457, 'Bassem Amin', 2634, 'GM', 1988),
(4151348, 'Ildar Khairullin', 2633, 'GM', 1990),
(1007998, 'Erwin L''ami', 2632, 'GM', 1985),
(4119150, 'Mikhail Kobalia', 2632, 'GM', 1978),
(14102196, 'Vladimir Baklan', 2632, 'GM', 1978),
(3901211, 'Eduardo Iturrizaga Bonelli', 2632, 'GM', 1989),
(4201345, 'Ioannis Papaioannou', 2632, 'GM', 1976),
(13402935, 'Vasif Durarbayli', 2632, 'GM', 1992),
(24126055, 'Daniil Dubov', 2631, 'GM', 1996),
(3700488, 'Axel Bachmann', 2630, 'GM', 1989),
(5029465, 'Santosh Gujrathi Vidit', 2630, 'GM', 1994),
(1200372, 'Andrei Istratescu', 2630, 'GM', 1975),
(5018471, 'B Adhiban', 2630, 'GM', 1992),
(5010608, 'Abhijeet Gupta', 2629, 'GM', 1989),
(13700464, 'Darmen Sadvakasov', 2629, 'GM', 1979),
(3504409, 'Yuniesky Quesada Perez', 2629, 'GM', 1984),
(3801497, 'Emilio Cordova', 2629, 'GM', 1991),
(4152417, 'Mykhaylo Oleksiyenko', 2629, 'GM', 1986),
(2101246, 'Rafael Leitao', 2628, 'GM', 1979),
(4100026, 'Anatoly Karpov', 2628, 'GM', 1951),
(8600694, 'Zhong Zhang', 2628, 'GM', 1978),
(1107038, 'Bartosz Socko', 2628, 'GM', 1978),
(4202031, 'Hristos Banikas', 2628, 'GM', 1978),
(14602377, 'Alexander G Beliavsky', 2627, 'GM', 1953),
(634654, 'Sebastien Feller', 2626, 'GM', 1991),
(1400010, 'Curt Hansen', 2626, 'GM', 1964),
(4199758, 'Ivan Bukavshin', 2626, 'GM', 1995),
(13501470, 'Sergei Azarov', 2625, 'GM', 1983),
(2107139, 'Alexandr Fier', 2624, 'GM', 1988),
(1500015, 'Simen Agdestein', 2624, 'GM', 1967),
(603767, 'Christian Bauer', 2624, 'GM', 1977),
(14400030, 'Ivan Sokolov', 2623, 'GM', 1968),
(4173708, 'Aleksandr Rakhmanov', 2623, 'GM', 1989),
(13300580, 'Varuzhan Akobian', 2622, 'GM', 1983),
(14118084, 'Illya Nyzhnyk', 2622, 'GM', 1996),
(921637, 'Robert Markus', 2622, 'GM', 1983),
(633429, 'Romain Edouard', 2622, 'GM', 1990),
(1126881, 'Dariusz Swiercz', 2622, 'GM', 1994),
(1007246, 'Jan Smeets', 2621, 'GM', 1985),
(8602522, 'Jun Zhao', 2621, 'GM', 1986),
(2000032, 'Yasser Seirawan', 2620, 'GM', 1960),
(4115341, 'Pavel V Tregubov', 2620, 'GM', 1971),
(2285525, 'David Anton Guijarro', 2620, 'GM', 1995),
(1304364, 'Vadim Milov', 2619, 'GM', 1972),
(5002150, 'Surya Shekhar Ganguly', 2619, 'GM', 1983),
(2021285, 'Aleksandr Lenderman', 2617, 'GM', 1989),
(1020854, 'Robin Van Kampen', 2617, 'GM', 1994),
(14116731, 'Alexander Ipatov', 2614, 'GM', 1993),
(503142, 'Tomi Nyback', 2614, 'GM', 1985),
(715620, 'Alexander Chernin', 2614, 'GM', 1960),
(4132394, 'Vladimir Belov', 2614, 'GM', 1984),
(1710400, 'Nils Grandelius', 2613, 'GM', 1993),
(114987, 'Anton Kovalyov', 2613, 'GM', 1992),
(4100115, 'Alexander Khalifman', 2613, 'GM', 1966),
(4157800, 'Pavel Ponkratov', 2613, 'GM', 1988),
(3507165, 'Isan Reynaldo Ortiz Suarez', 2612, 'GM', 1985),
(24109959, 'Aleksey Goganov', 2612, 'GM', 1991),
(4120426, 'Alexander Galkin', 2611, 'GM', 1979),
(1113100, 'Michal Krasenkow', 2610, 'GM', 1963),
(300071, 'Zbynek Hracek', 2610, 'GM', 1970),
(2803895, 'Boris Avrukh', 2610, 'GM', 1978),
(14109409, 'Alexander Zubov', 2610, 'GM', 1983),
(4676670, 'Falko Bindrich', 2609, 'GM', 1990),
(4148843, 'Evgeny Romanov', 2609, 'GM', 1988),
(14400014, 'Predrag Nikolic', 2609, 'GM', 1960),
(400076, 'Julian M Hodgson', 2609, 'GM', 1963),
(8603154, 'Qun Ma', 2609, 'GM', 1991),
(1111914, 'Kamil Miton', 2608, 'GM', 1984),
(4202694, 'Dimitrios Mastrovasilis', 2608, 'GM', 1983),
(11000000009, 'Tigran Petrosyan', 2645, '', 1929),
(11000000006, 'Mikhail Moiseyevich Botvinnik', 2660, '', 1911),
(8000000043, 'Cecil Valentine De Vere', 2620, '', 0),
(11000000011, 'Robert James Fischer', 2785, '', 1943),
(11000000008, 'Mikhail Tal', 2705, '', 1936),
(8000000315, 'William Norwood Potter', 2619, '', 0),
(8000000485, 'Emanuel Lasker', 2642, '', 1868),
(8000000513, 'Gyula Makovets', 2624, '', 0),
(8000000044, 'Szymon Abramowicz Winawer', 2629, '', 0),
(8000000023, 'Paul Charles Morphy', 2634, '', 0),
(4115309, 'Sergei Rublevsky', 2698, 'GM', 1974),
(718572, 'Ferenc Berkes', 2661, 'GM', 1985),
(14112906, 'Yuriy Kuzubov', 2658, 'GM', 1990),
(1105663, 'Robert Kempinski', 2653, 'GM', 1977),
(930849, 'Borki Predojevic', 2626, 'GM', 1987),
(13900048, 'Viktor Bologan', 2605, 'GM', 1971),
(2200015, 'Miguel Illescas Cordoba', 2602, 'GM', 1965),
(1104306, 'Bartlomiej Macieja', 2600, 'GM', 1977),
(14506688, 'Ante Brkic', 2600, 'GM', 1988),
(13302507, 'Robert Hovhannisyan', 2599, 'GM', 1991),
(4600010, 'Robert Huebner', 2596, 'GM', 1948),
(2801906, 'Boris Alterman', 2595, 'GM', 1970),
(4667719, 'David Baramidze', 2595, 'GM', 1988),
(2809052, 'Tamir Nabaty', 2592, 'GM', 1991),
(4651340, 'Rainer Buhmann', 2591, 'GM', 1981),
(2603608, 'Mark Bluvshtein', 2590, 'GM', 1988),
(718602, 'Gabor Papp', 2589, 'GM', 1987),
(2100029, 'Gilberto Milos', 2589, 'GM', 1963),
(4627253, 'Fabian Doettling', 2588, 'GM', 1980),
(24651516, 'Matthias Bluebaum', 2586, 'IM', 1997),
(722413, 'Tamas Banusz', 2586, 'GM', 1989),
(2805642, 'Sergey Erenburg', 2585, 'GM', 1983),
(4105109, 'Vladimir Burmakin', 2584, 'GM', 1967),
(107069, 'Ruben Felgaer', 2582, 'GM', 1981),
(14115298, 'Stanislav Bogdanovich', 2581, 'IM', 1993),
(4121341, 'Evgeny E Vorobiov', 2579, 'GM', 1976),
(13601652, 'Merab Gagunashvili', 2577, 'GM', 1985),
(4138716, 'Dmitry Bocharov', 2577, 'GM', 1982),
(13300024, 'Smbat G Lputian', 2574, 'GM', 1958),
(4000013, 'Alberto David', 2573, 'GM', 1970),
(14603152, 'Jure Borisek', 2573, 'GM', 1986),
(613762, 'Sebastien Maze', 2572, 'GM', 1984),
(13702661, 'Rinat Jumabayev', 2572, 'GM', 1989),
(2022036, 'Robert L Hess', 2571, 'GM', 1991),
(900010, 'Ljubomir Ljubojevic', 2571, 'GM', 1950),
(12501255, 'Elshan Moradiabadi', 2570, 'GM', 1985),
(4147332, 'Boris Savchenko', 2568, 'GM', 1986),
(6302114, 'Baris Esen', 2568, 'GM', 1986),
(13303732, 'Hovhannes Gabuzyan', 2568, 'GM', 1995),
(1000063, 'Friso Nijboer', 2566, 'GM', 1965),
(700010, 'Zoltan Ribli', 2565, 'GM', 1951),
(14401290, 'Ibro Saric', 2565, 'GM', 1982),
(1112953, 'Marcin Dziuba', 2564, 'GM', 1983),
(1112848, 'Krzysztof Jakubowski', 2564, 'GM', 1983),
(5024595, 'Babu M R Lalith', 2563, 'GM', 1993),
(900125, 'Branko Damljanovic', 2562, 'GM', 1961),
(14102811, 'Vladislav Borovikov', 2562, 'GM', 1973),
(4131002, 'Artur Gabrielian', 2562, 'GM', 1982),
(14104385, 'Alexander Zubarev', 2561, 'GM', 1979),
(4174003, 'Vladimir Belous', 2561, 'GM', 1993),
(1400266, 'Sune Berg Hansen', 2560, 'GM', 1971),
(1017063, 'Benjamin Bok', 2559, 'GM', 1995),
(14900017, 'Lubomir Ftacnik', 2559, 'GM', 1957),
(705713, 'Robert Ruck', 2559, 'GM', 1977),
(4663527, 'Arik Braun', 2559, 'GM', 1988),
(922277, 'Bojan Vuckovic', 2558, 'GM', 1980),
(14507927, 'Marin Bosiocic', 2558, 'GM', 1988),
(1400037, 'Lars Bo Hansen', 2557, 'GM', 1968),
(4635248, 'Stefan Bromberger', 2556, 'GM', 1982),
(1115120, 'Bartlomiej Heberla', 2556, 'GM', 1985),
(1704060, 'Emanuel Berg', 2556, 'GM', 1981),
(4105249, 'Igor Berdichevski', 2555, 'GM', 1964),
(14100932, 'Michail Brodsky', 2555, 'GM', 1969),
(605590, 'Robert Fontaine', 2553, 'GM', 1980),
(2900440, 'Boris Chatalbashev', 2553, 'GM', 1974),
(4611268, 'Uwe Boensch', 2552, 'GM', 1958),
(2200074, 'Jordi Magem Badals', 2552, 'GM', 1967),
(5045185, 'Suri Vaibhav', 2551, 'GM', 1997),
(108820, 'Pablo Lafuente', 2550, 'GM', 1985),
(600024, 'Boris V Spassky', 2548, 'GM', 1937),
(3507815, 'Juan Carlos Obregon Rivero', 2547, 'IM', 1989),
(14604299, 'Jure Skoberne', 2547, 'GM', 1987),
(14500310, 'Robert Zelcic', 2546, 'GM', 1965),
(1205064, 'Gergely-Andras-Gyula Szabo', 2546, 'GM', 1983),
(4128290, 'Bator Sambuev', 2546, 'GM', 1980),
(700118, 'Csaba Horvath', 2546, 'GM', 1968),
(13701525, 'Anuar Ismagambetov', 2546, 'GM', 1986),
(2000091, 'Joel Benjamin', 2545, 'GM', 1964),
(4100387, 'Vadim Ruban', 2545, 'GM', 1964),
(4102878, 'Ildar Ibragimov', 2543, 'GM', 1967),
(14120828, 'Olexandr Bortnyk', 2543, 'IM', 1996),
(301264, 'Vlastimil Babula', 2541, 'GM', 1973),
(14100096, 'Vladimir B Tukmakov', 2540, 'GM', 1946),
(1106880, 'Piotr Bobras', 2539, 'GM', 1977),
(2000156, 'Lev O Alburt', 2539, 'GM', 1945),
(4692055, 'Sebastian Bogner', 2537, 'GM', 1991),
(2226332, 'Jose Carlos Ibarra Jerez', 2537, 'GM', 1985),
(2000040, 'Boris F Gulko', 2537, 'GM', 1947),
(202967, 'Bart Michiels', 2536, 'GM', 1986),
(3501728, 'Julio Becerra Rivero', 2536, 'GM', 1973),
(13600095, 'Zurab Sturua', 2536, 'GM', 1959),
(1103261, 'Artur Jakubiec', 2534, 'GM', 1973),
(2011255, 'Gabriel Schwartzman', 2533, 'GM', 1976),
(13400495, 'Rasul Ibrahimov', 2532, 'GM', 1981),
(24604747, 'Niclas Huschenbeth', 2532, 'GM', 1992),
(111724, 'Andres Carlos Obregon', 2532, 'GM', 1986),
(14101440, 'Alexander Berelowitsch', 2531, 'GM', 1967),
(13400665, 'Farid Abbasov', 2531, 'GM', 1979),
(3507416, 'Yusnel Bacallao Alonso', 2530, 'GM', 1988),
(616834, 'Fabien Libiszewski', 2530, 'GM', 1984),
(728446, 'Imre Balog', 2530, 'GM', 1991),
(4103050, 'Alexandar Budnikov', 2530, 'IM', 1967),
(1122452, 'Marcin Tazbir', 2528, 'GM', 1988),
(2000121, 'Lubomir Kavalek', 2527, 'GM', 1943),
(1121499, 'Krzysztof Bulski', 2527, 'GM', 1987),
(1407767, 'Jakob Vang Glud', 2527, 'GM', 1988),
(813613, 'Sabino Brunello', 2525, 'GM', 1989),
(13400681, 'Rashad Babaev', 2525, 'GM', 1981),
(1401815, 'Jacob Aagaard', 2525, 'GM', 1973),
(4131606, 'Sergei Zablotsky', 2525, 'GM', 1982),
(14100371, 'Vitaliy Bernadskiy', 2525, 'GM', 1994),
(4600037, 'Eric Lobron', 2524, 'GM', 1960),
(4155890, 'Egor Krivoborodov', 2524, 'GM', 1989),
(307424, 'Robert Cvek', 2524, 'GM', 1979),
(2283352, 'Angel Arribas Lopez', 2524, 'GM', 1993),
(2106981, 'Felipe De Cresce El Debs', 2524, 'GM', 1985),
(14117207, 'Andrey Baryshpolets', 2523, 'GM', 1991),
(13402960, 'Nijat Abasov', 2522, 'GM', 1995),
(1108760, 'Lukasz Cyborowski', 2522, 'GM', 1980),
(311995, 'Jan Bernasek', 2522, 'GM', 1986),
(900885, 'Dragisa Blagojevic', 2522, 'GM', 1966),
(2201500, 'Marc Narciso Dublan', 2520, 'GM', 1974),
(100137, 'Pablo Zarnicki', 2520, 'GM', 1972),
(4101405, 'Mikhail Ulybin', 2520, 'GM', 1971),
(2011352, 'Vinay S Bhat', 2519, 'GM', 1984),
(2288230, 'Daniel Forcen Esteban', 2519, 'IM', 1994),
(8602280, 'Jinshi Bai', 2518, 'IM', 1999),
(722901, 'Krisztian Szabo', 2518, 'GM', 1989),
(5100011, 'Gilberto Hernandez Guerrero', 2517, 'GM', 1970),
(618802, 'Sebastien Cossin', 2516, 'IM', 1986),
(13302841, 'Robert Aghasaryan', 2516, 'GM', 1994),
(931152, 'Boban Bogosavljevic', 2516, 'GM', 1988),
(2212595, 'Alberto Andres Gonzalez', 2515, 'IM', 1981),
(1119290, 'Zbigniew Pakleza', 2515, 'GM', 1986),
(14113210, 'Boris Kharchenko', 2514, 'GM', 1991),
(13602640, 'Bela Khotenashvili', 2513, 'GM', 1988),
(4120213, 'Andrei Belozerov', 2513, 'GM', 1977),
(4156013, 'Dmitry Obolenskikh', 2513, 'IM', 1985),
(655830, 'Pierre Bailet', 2512, 'IM', 1988),
(2800055, 'Avital Boruchovsky', 2512, 'GM', 1997),
(4142586, 'Oleg Chebotarev', 2512, '', 1985),
(3502783, 'Alexis Cabrera', 2511, 'GM', 1976),
(4167406, 'Artem Chernobay', 2511, 'GM', 1989),
(4400801, 'Alder Escobar Forero', 2511, 'GM', 1977),
(8000000490, 'Johann Hermann Bauer', 2582, '', 0),
(8000002804, 'Benjamin Milnes Neill', 2514, '', 0),
(8000000062, 'Alexandre Louis Honore Lebreton Deschapelles', 2559, '', 0),
(8000000455, 'Siegbert Tarrasch', 2545, '', 0),
(8000000001, 'Louis Charles Mahe De La Bourdonnais', 2564, '', 0),
(8000000038, 'Berthold Suhle', 2523, '', 0),
(8000000772, 'Berthold Lasker', 2561, '', 0),
(8000000450, 'Curt Von Bardeleben', 2599, '', 0),
(8000000448, 'Vincenz Hruby', 2529, '', 0),
(8000000521, 'Carl August Walbrodt', 2511, '', 0),
(14109182, 'Yuriy Kryvoruchko', 2686, 'GM', 1986),
(12401110, 'Ngoc Truong Son Nguyen', 2662, 'GM', 1990),
(14102536, 'Sergey Fedorchuk', 2651, 'GM', 1981),
(921629, 'Milos Perunovic', 2627, 'GM', 1984),
(3802272, 'Jorge Cori', 2609, 'GM', 1995),
(9000011, 'Hicham Hamdouchi', 2608, 'GM', 1972),
(2900394, 'Aleksander Delchev', 2607, 'GM', 1971),
(2100789, 'Giovanni Vescovi', 2606, 'GM', 1978),
(2100010, 'Henrique Mecking', 2606, 'GM', 1952),
(14102595, 'Evgenij Miroshnichenko', 2604, 'GM', 1978),
(8600040, 'Jiangchuan Ye', 2602, 'GM', 1960),
(2804158, 'Michael Roiz', 2600, 'GM', 1983),
(708020, 'Peter Acs', 2599, 'GM', 1981),
(5004225, 'Chanda Sandipan', 2598, 'GM', 1983),
(13600966, 'Mikheil Mchedlishvili', 2595, 'GM', 1979),
(1100025, 'Aleksander Wojtkiewicz', 2595, 'GM', 0),
(813192, 'Daniele Vocaturo', 2594, 'GM', 1989),
(4167392, 'Nikolai Chadaev', 2591, 'GM', 1988),
(13600613, 'Giorgi Kacheishvili', 2589, 'GM', 1977),
(14502569, 'Hrvoje Stevic', 2589, 'GM', 1980),
(1201271, 'Alexandru Crisan', 2588, 'GM', 1962),
(620084, 'Matthieu Cornette', 2588, 'GM', 1985),
(13900200, 'Viorel Iordachescu', 2588, 'GM', 1977),
(2000628, 'Ilya Gurevich', 2586, 'GM', 1972),
(1122401, 'Wojciech Moranda', 2586, 'GM', 1988),
(14103222, 'Alexander Goloshchapov', 2585, 'GM', 1978),
(14104369, 'Yuri Solodovnichenko', 2584, 'GM', 1978),
(14101866, 'Sergei Ovsejevitsch', 2584, 'GM', 1974),
(4160258, 'Anton Demchenko', 2583, 'GM', 1987),
(8603537, 'Jianchao Zhou', 2583, 'GM', 1988),
(1204297, 'Mircea-Emilian Parligras', 2582, 'GM', 1980),
(112275, 'Sandro Mareco', 2581, 'GM', 1987),
(14103052, 'Alexander Kovchan', 2581, 'GM', 1983),
(2606771, 'Eric Hansen', 2580, 'GM', 1992),
(14500116, 'Mladen Palac', 2578, 'GM', 1971),
(2000059, 'Larry M Christiansen', 2577, 'GM', 1956),
(1205730, 'Vladislav Nevednichy', 2576, 'GM', 1969),
(1208110, 'Vlad-Cristian Jianu', 2576, 'GM', 1984),
(4600169, 'Philipp Schlosser', 2575, 'GM', 1968),
(14506254, 'Ante Saric', 2573, 'GM', 1984),
(4119800, 'Sergej Dyachkov', 2572, 'GM', 1976),
(1121251, 'Michal Olszewski', 2571, 'GM', 1989),
(3405400, 'Ivan Morovic Fernandez', 2571, 'GM', 1963),
(1301837, 'Yannick Pelletier', 2568, 'GM', 1976),
(24603295, 'Alexander Donchenko', 2567, 'IM', 1998),
(2210622, 'Manuel Perez Candelario', 2566, 'GM', 1983),
(2000148, 'Patrick G Wolff', 2564, 'GM', 1968),
(14600986, 'Dusko Pavasovic', 2564, 'GM', 1976),
(1124668, 'Jacek Tomczak', 2562, 'GM', 1990),
(616915, 'Yannick Gozzoli', 2562, 'GM', 1983),
(4119932, 'Andrey Rychagov', 2561, 'GM', 1979),
(4203380, 'Igor Miladinovic', 2561, 'GM', 1974),
(304760, 'Jiri Stocek', 2560, 'GM', 1977),
(6302181, 'Emre Can', 2560, 'GM', 1990),
(916366, 'Mihajlo Stojanovic', 2558, 'GM', 1977),
(14501228, 'Davor Rogic', 2557, 'GM', 1971),
(4100972, 'Vyacheslav Ikonnikov', 2557, 'GM', 1966),
(403989, 'Nicholas Pert', 2557, 'GM', 1981),
(13602934, 'Luka Paichadze', 2556, 'GM', 1991),
(600270, 'Jean-Marc Degraeve', 2555, 'GM', 1971),
(4121015, 'Valery Grechihin', 2555, 'GM', 0),
(14505959, 'Alojzije Jankovic', 2554, 'GM', 1983),
(201260, 'Vladimir Chuchelov', 2554, 'GM', 1969),
(4171055, 'Daniil Lintchevski', 2554, 'GM', 1990),
(14111330, 'Anna Muzychuk', 2552, 'GM', 1990),
(4107730, 'Andrei Shchekachev', 2551, 'GM', 1972),
(2000113, 'Roman Dzindzichashvili', 2550, 'GM', 1944),
(200018, 'Luc Winants', 2550, 'GM', 1963),
(14907526, 'Peter Michalik', 2549, 'GM', 1990),
(4600118, 'Joerg Hickl', 2549, 'GM', 1965),
(4115333, 'Viacheslav V Zakhartsov', 2548, 'GM', 1968),
(4151119, 'Roman V Nechepurenko', 2548, 'FM', 1988),
(14110547, 'Yaroslav Zinchenko', 2547, 'GM', 1987),
(14506661, 'Davorin Kuljasevic', 2546, 'GM', 1986),
(1130420, 'Kacper Piorun', 2546, 'GM', 1991),
(14400049, 'Emir Dizdarevic', 2546, 'GM', 1958),
(4600193, 'Christopher Lutz', 2546, 'GM', 1971),
(922412, 'Nikola Djukic', 2545, 'GM', 1983),
(200930, 'Mikhail Gurevich', 2544, 'GM', 1959),
(3504387, 'Holden Hernandez Carmenate', 2544, 'GM', 1984),
(3801969, 'Cristhian Cruz', 2541, 'GM', 1992),
(5007429, 'Magesh Chandran Panchanathan', 2541, 'GM', 1983),
(8603847, 'Chongsheng Zeng', 2541, 'GM', 1993),
(2000130, 'Michael Wilder', 2540, 'GM', 1962),
(3507548, 'Juan Carlos Gonzalez Zamora', 2540, 'GM', 1968),
(3506690, 'Fidel Corrales Jimenez', 2539, 'GM', 1987),
(14103516, 'Spartak Vysochin', 2539, 'GM', 1975),
(14502070, 'Zlatko Topalovic', 2539, 'IM', 1965),
(14509792, 'Sasa Martinovic', 2539, 'GM', 1991),
(1119591, 'Jacek Stopa', 2537, 'IM', 1987),
(1211668, 'Ioan-Cristian Chirila', 2537, 'GM', 1991),
(3400042, 'Rodrigo Vasquez Schroeder', 2536, 'GM', 1969),
(4642325, 'Michael Prusikin', 2535, 'GM', 1978),
(2801914, 'Victor Mikhalevski', 2534, 'GM', 1972),
(12801259, 'Viktorija Cmilyte', 2534, 'GM', 1983),
(600113, 'Arnaud Hauchard', 2534, 'GM', 1971),
(117927, 'Federico Perez Ponsa', 2533, 'GM', 1993),
(911925, 'Aleksandar Indjic', 2533, 'GM', 1995),
(3408027, 'Mauricio Flores Rios', 2531, 'GM', 1990),
(8601020, 'Chen Wang', 2531, 'IM', 1993),
(4600061, 'Lothar Schmid', 2530, 'GM', 1928),
(2800047, 'Gad Rechlis', 2528, 'GM', 1967),
(4117328, 'Konstantin Chernyshov', 2528, 'GM', 1967),
(1210319, 'Dorian Rogozenco', 2527, 'GM', 1973),
(13300512, 'Khachiyan Melikset', 2526, 'GM', 1970),
(14114550, 'Mariya Muzychuk', 2526, 'IM', 1992),
(2100045, 'Darcy Lima', 2526, 'GM', 1962),
(937614, 'Milos Roganovic', 2526, 'IM', 1991),
(2034387, 'Conrad Holt', 2525, 'GM', 1993),
(8000000042, 'Gustav Richard Ludwig Neumann', 2606, '', 0),
(11000000005, 'Machgielis Euwe', 2530, '', 1901),
(8000000544, 'Rezsoe Charousek', 2541, '', 0),
(8000000543, 'Geza Maroczy', 2584, '', 0),
(8000000112, 'C A Seguin', 2527, '', 0),
(8000000446, 'Edward Chamier', 2527, '', 0),
(8000000202, 'Philipp Hirschfeld', 2568, '', 0),
(8000000037, 'Ignatz Kolisch', 2593, '', 0),
(8603677, 'Liren Ding', 2751, 'GM', 1992),
(4102142, 'Peter Svidler', 2734, 'GM', 1976),
(3503240, 'Leinier Dominguez Perez', 2729, 'GM', 1983),
(400025, 'Nigel D Short', 2678, 'GM', 1965),
(14113007, 'Dmitry Kononenko', 2617, 'GM', 1988),
(14502879, 'Zdenko Kozul', 2617, 'GM', 1966),
(14107180, 'Yuri Drozdovskij', 2616, 'GM', 1984),
(719978, 'Viktor Erdos', 2612, 'GM', 1987),
(1170546, 'Jan-Krzysztof Duda', 2607, 'GM', 1998),
(13401378, 'Gadir Guseinov', 2606, 'GM', 1986),
(13500139, 'Aleksej Aleksandrov', 2605, 'GM', 1973),
(1006673, 'Daniel Stellwagen', 2605, 'GM', 1987),
(2257327, 'Ivan Salgado Lopez', 2605, 'GM', 1991),
(13400819, 'Nidjat Mamedov', 2604, 'GM', 1985),
(4623606, 'Rustem Dautov', 2602, 'GM', 1965),
(916811, 'Dragan Solak', 2602, 'GM', 1980),
(13900463, 'Dmitry Svetushkin', 2601, 'GM', 1980),
(400017, 'John D M Nunn', 2601, 'GM', 1955),
(4198603, 'Aleksandr Shimanov', 2601, 'GM', 1992),
(13700014, 'Yevgeniy Vladimirov', 2601, 'GM', 1957),
(13302000, 'Zaven Andriasian', 2600, 'GM', 1989),
(1700022, 'Ferdinand Hellers', 2599, 'GM', 1969),
(15001334, 'Toni Najdoski', 2598, 'GM', 1970),
(10601619, 'Ahmed Adly', 2595, 'GM', 1987),
(4680804, 'Alexander Graf', 2593, 'GM', 1962),
(4131061, 'Vladimir Potkin', 2592, 'GM', 1982),
(3503631, 'Neuris Delgado Ramirez', 2592, 'GM', 1981),
(6500617, 'Alejandro Ramirez', 2591, 'GM', 1988),
(13502247, 'Andrey Zhigalko', 2586, 'GM', 1985),
(4144031, 'Alexandre Danin', 2585, 'GM', 1986),
(13600044, 'Giorgi Giorgadze', 2584, 'GM', 1964),
(1001302, 'Dimitri Reinderman', 2583, 'GM', 1972),
(4100476, 'Yury Dokhoian', 2580, 'GM', 1964),
(13602543, 'Davit Jojua', 2580, 'GM', 1989),
(1134167, 'Kamil Dragun', 2576, 'GM', 1995),
(5008352, 'Deep Sengupta', 2576, 'GM', 1988),
(2803828, 'Alexander Huzman', 2575, 'GM', 1962),
(604011, 'Iossif Dorfman', 2574, 'GM', 1953),
(13601270, 'David Shengelia', 2573, 'GM', 1980),
(4100379, 'Semen I Dvoirys', 2573, 'GM', 1958),
(24107131, 'Andrey Stukopin', 2573, 'GM', 1994),
(1110381, 'Aleksander Mista', 2572, 'GM', 1983),
(4151976, 'Dmitry Frolyanov', 2572, 'GM', 1986),
(4100948, 'Andrei Y Kharitonov', 2570, 'GM', 0),
(13601903, 'Nana Dzagnidze', 2570, 'GM', 1987),
(105309, 'Fernando Peralta', 2569, 'GM', 1979),
(4162714, 'Vladimir Epishin', 2568, 'GM', 1965),
(4653530, 'Leonid Kritz', 2568, 'GM', 1984),
(4500261, 'Kaido Kulaots', 2568, 'GM', 1976),
(108049, 'Diego Flores', 2567, 'GM', 1982),
(13601733, 'Zviad Izoria', 2566, 'GM', 1984),
(2008564, 'Gregory S Kaidanov', 2566, 'GM', 1959),
(13603078, 'Gaioz Nigalidze', 2566, 'GM', 1989),
(4700236, 'Erald Dervishi', 2564, 'GM', 1979),
(14105500, 'Andrey Sumets', 2563, 'GM', 1980),
(662399, 'Maxime Lagarde', 2563, 'GM', 1994),
(2015315, 'Alexander Stripunsky', 2561, 'GM', 1970),
(4100093, 'Sergey Dolmatov', 2560, 'GM', 1959),
(2804140, 'Vitali Golod', 2559, 'GM', 1971),
(1003720, 'Erik Van Den Doel', 2558, 'GM', 1979),
(3503321, 'Yuri Gonzalez Vidal', 2557, 'GM', 1981),
(8603693, 'Deshun Xiu', 2557, 'GM', 1989),
(7100019, 'Utut Adianto', 2556, 'GM', 1965),
(1405853, 'Davor Palo', 2556, 'GM', 1985),
(13500465, 'Alexei Fedorov', 2556, 'GM', 1972),
(1203975, 'Levente Vajda', 2555, 'GM', 1981),
(4135202, 'Alexandr Kharitonov', 2553, 'GM', 1986),
(5202213, 'Wesley So', 2788, 'GM', 1993),
(703303, 'Peter Leko', 2713, 'GM', 1979),
(8603405, 'Yi Wei', 2703, 'GM', 1999),
(1400355, 'Peter Heine Nielsen', 2655, 'GM', 1973),
(4675789, 'Georg Meier', 2653, 'GM', 1987),
(2804344, 'Evgeny Postny', 2636, 'GM', 1981),
(2802007, 'Emil Sutovsky', 2628, 'GM', 1977),
(8601674, 'Weiqi Zhou', 2627, 'GM', 1986),
(1000055, 'Jeroen Piket', 2624, 'GM', 1969),
(14109158, 'Georgy Pilavov', 2607, 'GM', 1974),
(3503054, 'Renier Vazquez Igarza', 2603, 'GM', 1979),
(9301348, 'A R Saleh Salem', 2603, 'GM', 1993),
(13602071, 'Levan Pantsulaia', 2603, 'GM', 1986),
(4122763, 'Sergey Volkov', 2602, 'GM', 1974),
(726265, 'Peter Prohaszka', 2601, 'GM', 1992),
(14200937, 'Timur Gareev', 2599, 'GM', 1988),
(1705024, 'Evgenij Agrest', 2596, 'GM', 1966),
(2900017, 'Kiril Georgiev', 2596, 'GM', 1965),
(4104226, 'Konstatin Sakaev', 2594, 'GM', 1974),
(4156803, 'Oleg Korneev', 2592, 'GM', 1969),
(8600511, 'Xiaomin Peng', 2591, 'GM', 1973),
(14700077, 'Farrukh Amonatov', 2592, 'GM', 1978),
(14200988, 'Anton Filippov', 2591, 'GM', 1986),
(2300087, 'Hannes Stefansson', 2590, 'GM', 1972),
(6302718, 'Mustafa Yilmaz', 2578, 'GM', 1992),
(13300016, 'Rafael A Vaganian', 2577, 'GM', 1951),
(4117654, 'Valerij Filippov', 2553, 'GM', 1975),
(2300010, 'Helgi Olafsson', 2546, 'GM', 1956),
(2047896, 'Kayden W Troff', 2544, 'GM', 1998),
(700045, 'Jozsef Pinter', 2544, 'GM', 1953),
(2800039, 'Alon Greenfeld', 2542, 'GM', 1964),
(605492, 'Igor-Alexandre Nataf', 2534, 'GM', 1978),
(4140419, 'Artyom Timofeev', 2534, 'GM', 1985),
(4634527, 'Florian Handke', 2531, 'GM', 1982),
(1111078, 'Rafal Antoniewski', 2526, 'GM', 1980),
(3600017, 'Carlos S Matamoros Franco', 2525, 'GM', 1966),
(700061, 'Jozsef Horvath', 2522, 'GM', 1964),
(2902257, 'Antoaneta Stefanova', 2522, 'GM', 1979),
(4600924, 'Ralf Appel', 2521, 'GM', 1971),
(1400070, 'Lars Schandorff', 2520, 'GM', 1965),
(1700014, 'Ulf Andersson', 2519, 'GM', 1951),
(400580, 'Jonathan F Parker', 2519, 'GM', 1976),
(1501674, 'Leif Erlend Johannessen', 2516, 'GM', 1980),
(1506102, 'Frode Urkedal', 2515, 'IM', 1993),
(2212501, 'Joan Fluvia Poyatos', 2512, 'IM', 1982),
(2255570, 'Jose Fernando Cuenca Jimenez', 2508, 'IM', 1987),
(4600053, 'Stefan Kindermann', 2507, 'GM', 1959),
(2209381, 'Zenon Franco Ocampos', 2507, 'GM', 1956),
(2200325, 'Lluis Comas Fabrego', 2506, 'GM', 1971),
(2801957, 'Alexander Finkel', 2506, 'GM', 1975),
(2017199, 'Joshua E Friedel', 2505, 'GM', 1986),
(2000105, 'Nick E De Firmian', 2505, 'GM', 1957),
(2000237, 'Kenneth S Rogoff', 2505, 'GM', 1953),
(20657307, 'Francesco Rambaldi', 2500, 'FM', 1999),
(400130, 'Michael F Stean', 2500, 'GM', 1953),
(2000261, 'Benjamin Finegold', 2500, 'GM', 1969),
(14200147, 'Shukhrat Safin', 2500, 'IM', 0),
(2000377, 'Alexander Fishbein', 2499, 'GM', 1968),
(1039784, 'Jorden Van Foreest', 2499, 'IM', 1999),
(14100134, 'Artur Frolov', 2499, 'IM', 1970),
(4646410, 'Alexander Markgraf', 2496, 'IM', 1981),
(4650905, 'Felix Levin', 2495, 'GM', 1958),
(611190, 'Jean-Noel Riff', 2495, 'GM', 1981),
(723762, 'Tamas Jr Fodor', 2492, 'GM', 1991),
(8602727, 'Lufei Ruan', 2491, 'WGM', 1987),
(2801574, 'Leonid Gofshtein', 2491, 'GM', 1953),
(4600045, 'Klaus Bischoff', 2490, 'GM', 1961),
(2105446, 'Diego Rafael Di Berardino', 2489, 'IM', 1987),
(2214679, 'Ernesto Fernandez Romero', 2488, 'IM', 1983),
(14103109, 'Michael Feygin', 2487, 'GM', 1975),
(2301172, 'Stefan Kristjansson', 2485, 'GM', 1982),
(15002187, 'Filip Pancevski', 2485, 'IM', 1988),
(11600780, 'Rafael Fridman', 2483, 'IM', 1979),
(10600043, 'Fouad El Taher', 2483, 'IM', 1965),
(2047640, 'Jeffery Xiong', 2482, 'IM', 2000),
(4200039, 'Efstratios Grivas', 2482, 'GM', 1966),
(101613, 'Alfredo Giaccio', 2479, 'GM', 1970),
(6305881, 'Burak Firat', 2478, 'IM', 1993),
(4600100, 'Helmut Pfleger', 2477, 'GM', 1943),
(468584, 'Yang-Fan Zhou', 2477, 'IM', 1994),
(4600428, 'Frank Holzke', 2476, 'GM', 1971),
(1901117, 'Diogo Fernando', 2475, 'IM', 1980),
(2800659, 'Dov Zifroni', 2475, 'GM', 1976),
(24131423, 'Daniil Yuffa', 2475, 'IM', 1997),
(1304232, 'Florian Jenni', 2473, 'GM', 1980),
(24608904, 'Felix Graf', 2470, 'IM', 1993),
(3403009, 'Victor J Frias', 2470, 'IM', 0),
(4627334, 'Martin Senff', 2469, 'IM', 1980),
(3504379, 'Alexey Fernandez Cardoso', 2468, 'IM', 1981),
(4601297, 'Michael Hoffmann', 2467, 'GM', 1970),
(3700267, 'Jose Fernando Cubas', 2467, 'GM', 1981),
(1202936, 'Iulian Sofronie', 2467, 'IM', 1974),
(14104490, 'Nazar Firman', 2466, 'GM', 1983),
(2800101, 'Ram Soffer', 2466, 'GM', 1965),
(2015307, 'Eduard Gufeld', 2465, 'GM', 0),
(2200066, 'Alfonso Romero Holmes', 2465, 'GM', 1965),
(400165, 'Glenn C Flear', 2464, 'GM', 1959),
(2254131, 'Alfonso Llorente Zaro', 2464, 'IM', 1989),
(14113015, 'Zafir Koukouchev', 2464, 'IM', 1953),
(100340, 'Alejandro Hoffman', 2463, 'GM', 1966),
(14506157, 'Miroslav Zufic', 2462, 'IM', 1982),
(717274, 'Andras Dr Flumbort', 2462, 'GM', 1984),
(2801841, 'Asaf Givon', 2462, 'IM', 1994),
(2253488, 'Roberto Cifuentes Parada', 2461, 'GM', 1957),
(14102803, 'Gennadij Fish', 2461, 'GM', 1973),
(3508188, 'Pedro Alejandro Jimenez Fraga', 2461, 'IM', 1990),
(1400142, 'Jens Ove Fries-Nielsen', 2458, 'IM', 1960),
(5201101, 'Idelfonso Datu', 2457, 'IM', 1972),
(1602829, 'Siegfried Baumegger', 2456, 'IM', 1972),
(800252, 'Fabio Bellini', 2456, 'IM', 1969),
(5801605, 'Daniel Howard Fernandez', 2456, 'IM', 1995),
(4157427, 'Felix Alikhanov', 2455, 'IM', 1983),
(13400401, 'Rufat Bagirov', 2454, 'GM', 1979),
(4681932, 'Aljoscha Feuerstack', 2453, 'IM', 1989),
(13401661, 'Farhad Tahirov', 2452, 'GM', 1987),
(1204467, 'Francisc Nemeth', 2452, 'IM', 1978),
(2200260, 'Felix Izeta Txabarri', 2452, 'GM', 1961),
(5105048, 'Luis Fernando Ibarra Chami', 2452, 'IM', 1989),
(2800020, 'Yehuda Gruenfeld', 2451, 'GM', 1956),
(700150, 'Jozsef Palkovi', 2451, 'IM', 1967),
(1301764, 'Richard Forster', 2451, 'IM', 1975),
(12501000, 'Hasan Abbasifar', 2451, 'GM', 1982),
(700231, 'Sofia Polgar', 2450, 'IM', 1974),
(14500299, 'Nenad Fercec', 2449, 'GM', 1961),
(14105454, 'Michael Fedorovsky', 2448, 'IM', 1976),
(3401294, 'Luis Valenzuela Fuentealba', 2448, 'IM', 1978),
(2214067, 'Alejandro Franco Alonso', 2447, 'IM', 1982),
(4132700, 'Eduard Fomichenko', 2446, 'IM', 1969),
(2000504, 'Vitaly F Zaltsman', 2445, 'IM', 1941),
(2214334, 'Jordi Fluvia Poyatos', 2445, 'IM', 1984),
(3501833, 'Frank De La Paz Perdomo', 2445, 'GM', 1975),
(4602447, 'Stefan Wehmeier', 2443, 'IM', 1970),
(4600134, 'Ralf Lau', 2442, 'GM', 1959),
(1000136, 'Fred Scheeren', 2441, 'IM', 1955),
(4600312, 'Juergen Graf', 2440, 'IM', 1963),
(4655150, 'Alexander Gasthofer', 2440, 'IM', 1985),
(828688, 'Simone De Filomeno', 2440, 'IM', 1995),
(4101863, 'Yuri F Kutyanin', 2440, '', 0),
(1700120, 'Ralf Akesson', 2439, 'GM', 1961),
(701432, 'Ferenc Berebora', 2439, 'IM', 1966),
(200778, 'Stefan Docx', 2439, 'IM', 1974),
(1501100, 'Frode Elsness', 2439, 'IM', 1973),
(4100590, 'Alexander Fominyh', 2439, 'GM', 1959),
(4639057, 'Olaf Wegener', 2438, 'IM', 1981),
(4168186, 'Serafim Peskov', 2438, 'FM', 1939),
(13402463, 'Urfan Sevdimaliyev', 2438, 'FM', 1989),
(1602977, 'Friedrich Karl Volkmann', 2437, 'IM', 1971),
(730165, 'Florian Hujbert', 2437, 'IM', 1990),
(8605840, 'Yuxiang Fang', 2437, '', 1996),
(10200207, 'Bin-Sattar Reefat', 2437, 'GM', 1974),
(2008580, 'Igor Foygel', 2436, 'IM', 1947),
(1600036, 'Alexander Fauland', 2436, 'IM', 1964),
(4620895, 'Gerlef Meins', 2436, 'IM', 1970),
(2200210, 'Fco Javier Ochoa De Echaguen', 2436, 'IM', 1954),
(8000000386, 'Fritz Riemann', 2490, '', 0),
(8000000035, 'Serafino Dubois', 2450, '', 0),
(8000004432, 'Sergey Nikolaevich Freiman', 2450, '', 0),
(8000001002, 'Emil Ritter Von Feyerfeil', 2513, '', 0),
(8000001459, 'Alexander Mitrofanovich Levin', 2499, '', 0),
(8000000017, 'Jozsef Szen', 2467, '', 0),
(8000000541, 'Arthur Kaufmann', 2439, '', 0),
(8000001166, 'Alfred Jecke', 2487, '', 0),
(8000000091, 'Karl Mayerhofer', 2486, '', 0),
(8000001018, 'John Finan Barry', 2466, '', 0),
(300098, 'Miroslav Filip', 2465, 'GM', 0),
(8000000797, 'Bernhard Fleissig', 2444, '', 0),
(8000000471, 'Bartolomeo Forlico', 2460, '', 0),
(8000004275, 'Rudolf Spielmann', 2452, '', 0),
(8000000311, 'Stanislaus Sittenfeld', 2459, '', 0),
(8000001703, 'Frank Melville Teed', 2506, '', 0),
(8000000004, 'Lionel Adalbert Bagration Felix Kieseritzky', 2458, '', 0),
(4150120, 'Igor Lysyj', 2691, 'GM', 1987),
(4142527, 'Igor Kurnosov', 2649, 'GM', 1985),
(11600098, 'Igor Rausis', 2595, 'GM', 1961),
(4659600, 'Igor Khenkin', 2590, 'GM', 1968),
(13301004, 'Karen H Grigoryan', 2590, 'GM', 1995),
(8603332, 'Shanglei Lu', 2580, 'GM', 1995),
(700088, 'Zsuzsa Polgar', 2577, 'GM', 1969),
(5015693, 'Gopal G N', 2577, 'GM', 1989),
(4130804, 'Sergey Grigoriants', 2574, 'GM', 1983),
(8602956, 'Yang Wen', 2573, 'GM', 1988),
(8600970, 'Pengxiang Zhang', 2570, 'GM', 1980),
(2107660, 'Krikor Sevag Mekhitarian', 2568, 'GM', 1986),
(13302191, 'Avetik Grigoryan', 2568, 'GM', 1989),
(24125890, 'Grigoriy Oparin', 2566, 'GM', 1997),
(4101375, 'Sergey Ivanov', 2565, 'GM', 1961),
(14100037, 'Igor A Novikov', 2563, 'GM', 1962),
(12500739, 'Ehsan Ghaem Maghami', 2562, 'GM', 1982),
(13600702, 'Tamaz Gelashvili', 2561, 'GM', 1978),
(2302241, 'Hjorvar Steinn Gretarsson', 2560, 'GM', 1993),
(13700316, 'Murtas Kazhgaleyev', 2559, 'GM', 1973),
(3202534, 'Zong-Yuan Zhao', 2558, 'GM', 1986),
(4100514, 'Evgeny Pigusov', 2555, 'GM', 1961),
(7101384, 'Susanto Megaranto', 2552, 'GM', 1987),
(4100425, 'Sergey Smagin', 2551, 'GM', 1958),
(725323, 'Gyula Pap', 2551, 'GM', 1991),
(2019540, 'Alexander Goldin', 2549, 'GM', 1964),
(720852, 'Laszlo Gonda', 2548, 'GM', 1988),
(3200019, 'Ian Rogers', 2545, 'GM', 1960),
(11600039, 'Edvins Kengis', 2545, 'GM', 1959),
(24650684, 'Dennis Wagner', 2544, 'IM', 1997),
(2903024, 'Vladimir Georgiev', 2544, 'GM', 1975),
(2600013, 'Kevin Spraggett', 2543, 'GM', 1954),
(8602387, 'Rui Gao', 2542, 'GM', 1992),
(4113624, 'Sergei Shipov', 2541, 'GM', 1966),
(1700812, 'Tiger Hillarp Persson', 2541, 'GM', 1970),
(13602926, 'Giorgi Margvelashvili', 2539, 'GM', 1990),
(13400363, 'Namig Guliyev', 2539, 'GM', 1974),
(708402, 'Zoltan Medvegy', 2538, 'GM', 1979),
(4122232, 'Evgeny Shaposhnikov', 2536, 'GM', 1981),
(4100875, 'Sergey Ionov', 2535, 'GM', 1962),
(2300117, 'Hedinn Steingrimsson', 2532, 'GM', 1975),
(4167570, 'Valentina Gunina', 2532, 'GM', 1989),
(4101332, 'Evgeny Gleizerov', 2531, 'GM', 1963),
(4116194, 'Aleksei Lugovoi', 2531, 'GM', 1975),
(14109336, 'Kateryna Lagno', 2530, 'GM', 1989),
(8000000949, 'Walter Romaine Lovegrove', 2532, '', 0),
(8000001050, 'Alphonse Goetz', 2547, '', 0),
(13301578, 'Arman Pashikian', 2604, 'GM', 1987),
(1200020, 'Mihail Marin', 2591, 'GM', 1965),
(716855, 'Imre Hera', 2590, 'GM', 1986),
(13302531, 'Samvel Ter-Sahakyan', 2586, 'GM', 1993),
(8600783, 'Hao Yin', 2583, 'IM', 1979),
(5008123, 'Humpy Koneru', 2581, 'GM', 1987),
(4135148, 'Anton Shomoev', 2578, 'GM', 1981),
(2400561, 'Jonathan Rowson', 2569, 'GM', 1977),
(1000012, 'Jan H Timman', 2568, 'GM', 1951),
(4611420, 'Thomas Luther', 2567, 'GM', 1969),
(2300044, 'Johann Hjartarson', 2566, 'GM', 1963),
(14108836, 'Iuri Shkuro', 2566, 'GM', 1982),
(4153251, 'Mikhail Panarin', 2560, 'GM', 1983),
(13500520, 'Yury Shulman', 2559, 'GM', 1975),
(4189825, 'Mikhail Mozharov', 2555, 'GM', 1990),
(412686, 'Jonathan Hawkins', 2552, 'GM', 1983),
(4127870, 'Aleksei Pridorozhni', 2552, 'GM', 1981),
(12100030, 'Mohamad Al-Modiahki', 2550, 'GM', 1974),
(1702092, 'Johan Hellsten', 2550, 'GM', 1975),
(4500016, 'Jaan Ehlvest', 2547, 'GM', 1962),
(8000000034, 'Wilhelm Steinitz', 2557, '', 1836),
(14113171, 'Yuri Vovk', 2612, 'GM', 1988),
(4120086, 'Maxim Turov', 2599, 'GM', 1979),
(14903474, 'Jan Markos', 2591, 'GM', 1985),
(4618777, 'Artur Jussupow', 2582, 'GM', 1960),
(8600147, 'Jun Xie', 2574, 'GM', 1970),
(8603006, 'Wenjun Ju', 2557, 'GM', 1991),
(4119410, 'Valerij Popov', 2555, 'GM', 1974),
(2901595, 'Julian Radulski', 2550, 'GM', 1972),
(609404, 'Jean-Pierre Le Roux', 2546, 'GM', 1982),
(2212943, 'Josep Manuel Lopez Martinez', 2545, 'GM', 1980),
(4156021, 'Artem Iljin', 2537, 'GM', 1987),
(1501984, 'Kjetil A Lie', 2533, 'GM', 1980),
(4122178, 'Alexei Iljushin', 2531, 'GM', 1980),
(2205092, 'Julen Luis Arizmendi Martinez', 2529, 'GM', 1976),
(8600031, 'Jun Xu', 2526, 'GM', 1962),
(5021103, 'Sahaj Grover', 2526, 'GM', 1995),
(14104911, 'Vaszilij Sikula', 2525, 'GM', 1981),
(322156, 'Jan Krejci', 2524, 'GM', 1992),
(14201801, 'Jahongir Vakhidov', 2524, 'GM', 1995),
(300535, 'Jan Votava', 2523, 'GM', 1974),
(3508129, 'Jose Angel Guerra Mendez', 2523, 'IM', 1988),
(3508811, 'Carlos Antonio Hevia Alejano', 2520, 'IM', 1991),
(5201381, 'John Paul Gomez', 2520, 'GM', 1986),
(2224267, 'Javier Moreno Carnero', 2519, 'GM', 1975),
(14505320, 'Zoran Jovanovic', 2518, 'GM', 1979),
(1006088, 'Jan Werle', 2515, 'GM', 1984),
(400033, 'Jon S Speelman', 2512, 'GM', 1956),
(4140664, 'Jaroslav Prizant', 2511, 'IM', 1983),
(14400057, 'Bojan Kurajica', 2510, 'GM', 1947),
(2217880, 'Alejandro Moreno Trujillo', 2508, 'IM', 1985),
(3500020, 'Jesus Nogueiras Santiago', 2508, 'GM', 1959),
(2002035, 'Jesse Kraai', 2507, 'GM', 1972),
(4663306, 'Ilja Schneider', 2507, 'IM', 1984),
(14602296, 'Matej Sebenik', 2507, 'GM', 1983),
(2100819, 'Carlos Alejandro Martinez', 2507, 'IM', 1955),
(14500086, 'Ognjen Cvitan', 2506, 'GM', 1961),
(1102222, 'Pawel Jaracz', 2506, 'GM', 1975),
(921661, 'Alija Muratovic', 2505, 'GM', 1962),
(5201233, 'Joseph Sanchez', 2505, 'GM', 1970),
(300020, 'Jan Smejkal', 2504, 'GM', 1946),
(1013068, 'Roeland Pruijssers', 2504, 'GM', 1989),
(700096, 'Andras Adorjan', 2504, 'GM', 1950),
(4662997, 'Arkadij Rotstein', 2503, 'GM', 1961),
(4112849, 'Aleksandr Poluljahov', 2503, 'GM', 1965),
(13401718, 'Djakhangir Agaragimov', 2502, 'GM', 1986),
(14109069, 'Yuriy Ajrapetjan', 2502, 'GM', 1988),
(4646258, 'Jan Michael Sprenger', 2500, 'IM', 1982),
(5201268, 'Julio Catalino Sadorra', 2500, 'GM', 1986),
(13403028, 'Ulvi Bajarani', 2500, 'GM', 1995),
(4401190, 'Jaime Alexander Cuartas', 2499, 'GM', 1975),
(2300036, 'Jon L Arnason', 2499, 'GM', 1960),
(1000047, 'Joris Brenninkmeijer', 2498, 'IM', 1969),
(2293307, 'Jaime Santos Latasa', 2498, 'IM', 1996),
(922692, 'Dalibor Stojanovic', 2498, 'GM', 1983),
(5101174, 'Jose Gonzalez Garcia', 2497, 'GM', 1973),
(2904292, 'Dejan Bojkov', 2496, 'GM', 1977),
(4102711, 'Sergey Janovsky', 2496, 'GM', 1960),
(400297, 'James C Howell', 2495, 'GM', 1967),
(1700707, 'Jesper Hall', 2495, 'IM', 1971),
(2906430, 'Kalin Karakehajov', 2495, 'IM', 1986),
(411477, 'Stephen J Gordon', 2493, 'GM', 1986),
(2000180, 'James E Tarjan', 2493, 'GM', 1952),
(1100106, 'Jacek Gdanski', 2492, 'GM', 1970),
(927040, 'Veljko Jeremic', 2492, 'GM', 1985),
(600075, 'Jean-Luc Chabanon', 2491, 'GM', 1971),
(4103645, 'Evgeni Maljutin', 2491, 'IM', 1971),
(13400436, 'Javad Maharramzade', 2489, 'IM', 1976),
(811424, 'Alexander Zlochevskij', 2489, 'GM', 1963),
(1501720, 'Torbjorn Ringdal Hansen', 2489, 'IM', 1979),
(1700090, 'Jonny Hector', 2486, 'GM', 1964),
(2100037, 'Jaime Sunye Neto', 2486, 'GM', 1957),
(14926970, 'Jergus Pechac', 2486, 'CM', 2001),
(3509265, 'Roberto Garcia Pantoja', 2485, 'IM', 1992),
(24105074, 'Ilia Iljiushenok', 2485, '', 1993),
(922722, 'Miroslav D Miljkovic', 2483, 'GM', 1985),
(5200032, 'Rogelio Jr Antonio', 2483, 'GM', 1962),
(13301250, 'Tigran Kotanjian', 2482, 'GM', 1981),
(13601458, 'Lela Javakhishvili', 2481, 'IM', 1984),
(912336, 'Milan Zajic', 2480, 'IM', 1999),
(2000326, 'Julio P Kaplan', 2480, 'IM', 1950),
(14500450, 'Ivan Zaja', 2479, 'GM', 1965),
(14504081, 'Ognjen Jovanic', 2479, 'GM', 1978),
(900664, 'Ivan J Markovic', 2479, 'IM', 1972),
(11600314, 'Viesturs Meijers', 2478, 'GM', 1967),
(1005030, 'Martijn Dambacher', 2478, 'GM', 1979),
(712779, 'Benjamin Gledura', 2478, 'IM', 1999),
(14907518, 'Marian Jurcik', 2478, 'IM', 1987),
(8000000123, 'Jean Adolphe Laroche', 2501, '', 0),
(8000000039, 'Johannes Hermann Zukertort', 2491, '', 0),
(8000000487, 'Dawid Markelowicz Janowsky', 2501, '', 0),
(4128737, 'Vitaly Kunin', 2587, 'GM', 1983),
(14113147, 'Martyn Kravtsiv', 2583, 'GM', 1990),
(14100061, 'Konstantin Z Lerner', 2580, 'GM', 0),
(5900212, 'Vasilios Kotronias', 2578, 'GM', 1964),
(1105680, 'Tomasz Markowski', 2578, 'GM', 1975),
(4671910, 'Martin Kraemer', 2576, 'GM', 1987),
(11601388, 'Arturs Neiksans', 2576, 'GM', 1983),
(4119142, 'Alexey Korotylev', 2573, 'GM', 1977),
(2900130, 'Atanas Kolev', 2572, 'GM', 1967),
(108928, 'Maxim Sorokin', 2570, 'GM', 0),
(13501720, 'Nikita Maiorov', 2567, 'GM', 1985),
(4130901, 'Konstantin Maslak', 2566, 'GM', 1984),
(13503758, 'Kirill Stupak', 2563, 'GM', 1990),
(14100142, 'Yuri Kruppa', 2555, 'GM', 1964),
(14114089, 'Konstantin Tarlev', 2554, 'GM', 1987),
(4202139, 'Ioannis Nikolaidis', 2552, 'GM', 1971),
(13700278, 'Pavel Kotsur', 2552, 'GM', 1974),
(14401487, 'Suat Atalik', 2551, 'GM', 1964),
(4123425, 'Pavel Smirnov', 2588, 'GM', 1982),
(4146786, 'Pavel Maletin', 2587, 'GM', 1986),
(1010891, 'Wouter Spoelman', 2582, 'GM', 1990),
(4113217, 'Vasily Yemelin', 2573, 'GM', 1976),
(8000000028, 'Louis Paulsen', 2579, '', 0),
(13400304, 'Azer Mirzoev', 2554, 'GM', 1978),
(2900041, 'Vasil Spasov', 2553, 'GM', 1971),
(2200058, 'Manuel Rivas Pastor', 2541, 'GM', 1960),
(4212312, 'Antonios Pavlidis', 2539, 'GM', 1993),
(4119231, 'Petr Kiriakov', 2535, 'GM', 1975),
(24107581, 'Alexandr Predke', 2530, '', 1994),
(2300028, 'Margeir Petursson', 2529, 'GM', 1960),
(2901188, 'Vladimir Petkov', 2526, 'GM', 1971),
(1004689, 'Sipke Ernst', 2525, 'GM', 1979),
(318299, 'Martin Petr', 2524, 'GM', 1988),
(1121219, 'Pawel Czarnota', 2523, 'GM', 1988),
(4120965, 'Evgeny Prokopchuk', 2523, 'GM', 1978),
(2012642, 'Grigory Serper', 2522, 'GM', 1969),
(4135229, 'Pavel Anisimov', 2521, 'IM', 1986),
(4501047, 'Meelis Kanep', 2521, 'GM', 1983),
(2800012, 'Lev Psakhis', 2517, 'GM', 1958),
(2012529, 'Eugene Perelshteyn', 2517, 'GM', 1980),
(2806258, 'Shay Porat', 2517, 'IM', 1985),
(315303, 'Stepan Zilka', 2516, 'GM', 1988),
(4107012, 'Mikhail Al Antipov', 2514, 'GM', 1997),
(3509362, 'Yasser Quesada Perez', 2513, 'IM', 1992),
(1204580, 'Costica-Ciprian Nanu', 2512, 'GM', 1977),
(2809060, 'Gil Popilski', 2512, 'GM', 1993),
(5045207, 'Diptayan Ghosh', 2512, 'IM', 1998),
(600164, 'Manuel Apicella', 2510, 'GM', 1970),
(11600462, 'Maris Krakops', 2510, 'GM', 1978),
(300560, 'Tomas Polak', 2509, 'GM', 1974),
(5011167, 'S Arun Prasad', 2508, 'GM', 1988),
(927031, 'Dusan Popovic', 2507, 'GM', 1983),
(4101146, 'Sergey Arkhipov', 2507, 'GM', 1954),
(2602504, 'Pascal Charbonneau', 2505, 'GM', 1983),
(1107836, 'Pawel Blehm', 2505, 'GM', 1980),
(720631, 'Istvan Sipos', 2505, 'IM', 1987),
(14104350, 'Maxim Pavlov', 2505, 'GM', 1979),
(110973, 'Alan Pichot', 2504, 'IM', 1998),
(13500481, 'Sergey Kasparov', 2502, 'GM', 1968),
(5201241, 'Mark Paragua', 2501, 'GM', 1984),
(12510130, 'Pouya Idani', 2499, 'GM', 1995),
(300160, 'Petr Haba', 2497, 'GM', 1965),
(2901773, 'Marian Petrov', 2494, 'GM', 1975),
(3507424, 'Ermes Espinosa Veloz', 2494, 'FM', 1987),
(4166728, 'Pogos Nakhapetiane', 2494, 'FM', 1989),
(900389, 'Milos Pavlovic', 2493, 'GM', 1964),
(4143183, 'Vasily Papin', 2492, 'GM', 1988),
(1700030, 'Pia Cramling', 2492, 'GM', 1963),
(24615137, 'Hagen Poetsch', 2492, 'IM', 1991),
(2200082, 'Pablo San Segundo Carrillo', 2491, 'GM', 1970),
(12400246, 'Minh Hoang Pham', 2491, 'IM', 1978),
(6300545, 'Vahap Sanal', 2490, 'IM', 1998),
(14114330, 'Sergey Pavlov', 2490, 'IM', 1987),
(600172, 'Eric Prie', 2489, 'GM', 1962),
(101966, 'Hugo Spangenberg', 2487, 'GM', 1975),
(2903261, 'Petar Drenchev', 2486, 'GM', 1977),
(12502200, 'Pouria Darini', 2486, 'GM', 1991),
(13602250, 'Giga Quparadze', 2484, 'IM', 1987),
(14100487, 'Oleksandr Sulypa', 2482, 'GM', 1972),
(14600706, 'Bruno Parma', 2480, 'GM', 1941),
(4641833, 'Elisabeth Paehtz', 2479, 'IM', 1985),
(5030692, 'Vishnu Prasanna V', 2479, 'GM', 1989),
(5011132, 'Deepan Chakkravarthy J', 2475, 'GM', 1987),
(14100215, 'Mikhail Podgaets', 2475, 'IM', 0),
(305243, 'Petr Neuman', 2474, 'GM', 1978),
(8000000470, 'S Lipschuetz', 2516, '', 0),
(8000000020, 'William M Popert', 2519, '', 0),
(8000001171, 'Ossip Samuel Bernstein', 2475, '', 0),
(8603294, 'Qingnan Liu', 2510, 'IM', 1992),
(1709437, 'Erik Blomqvist', 2506, 'GM', 1990),
(400181, 'Stuart C Conquest', 2496, 'GM', 1967),
(3503313, 'Omar Almeida Quintana', 2478, 'GM', 1981),
(3409350, 'Cristobal Henriquez Villagra', 2478, 'IM', 1996),
(8602689, 'Qian Huang', 2473, 'WGM', 1986),
(2261090, 'Xavier Vila Gazquez', 2471, 'GM', 1990),
(1025007, 'Quinten Ducarmon', 2470, 'IM', 1994),
(8600350, 'Kanying Qin', 2466, 'WGM', 1974),
(8604002, 'Qi Guo', 2443, 'IM', 1995),
(2216892, 'Enrique Rodriguez Guerrero', 2439, 'GM', 1983),
(2259532, 'Joaquin Miguel Antoli Royo', 2436, 'IM', 1988),
(8600082, 'Jingxuan Qi', 2435, 'IM', 1947),
(8601640, 'Zhe Quan', 2432, 'IM', 1990),
(3702308, 'Guillermo Vazquez', 2432, 'FM', 1997),
(3500055, 'Reynaldo Vera Gonzalez-Quevedo', 2431, 'GM', 1961),
(3507009, 'Liordis Quesada Vera', 2429, 'IM', 1983),
(3520773, 'Luis Ernesto Quesada Perez', 2423, 'FM', 1999),
(100021, 'Miguel A Quinteros', 2422, 'GM', 1947),
(3900304, 'Jose Rafael Sequera Paolini', 2415, 'IM', 1972),
(3504239, 'Humberto L Blanco Ronquillo', 2414, 'IM', 1983),
(2117568, 'Renato R Quintiliano Pinto', 2411, 'FM', 1992),
(8601224, 'Qiang Hou', 2409, 'IM', 1984),
(665274, 'Quentin Loiseau', 2408, 'IM', 1995),
(9400346, 'Basheer Al Qudaimi', 2405, 'IM', 1984),
(3900649, 'Johann Carlos Alvarez Marquez', 2404, 'IM', 1981),
(13600842, 'Alexandre Qashashvili', 2404, 'IM', 1975),
(12401749, 'Quang Long Le', 2403, 'IM', 1989),
(2216116, 'Enrique Llobel Cortell', 2397, 'IM', 1985),
(2500450, 'Mark Quinn', 2397, 'IM', 1976),
(2105314, 'Luis Henrique Coelho', 2390, 'IM', 1981),
(3500330, 'Luis Enrique Valdes Martin', 2388, 'FM', 1961),
(3600025, 'Augusto Moran Nuque', 2386, 'IM', 1979),
(2100932, 'Flavio Marques Da Silveira', 2385, '', 1970),
(9000127, 'Jacques Elbilia', 2382, 'FM', 1971),
(8608466, 'Shiqun Ni', 2382, 'WIM', 1997),
(3500101, 'Jorge Enrique Armas Gutierrez', 2381, 'IM', 1959),
(3814017, 'Kevin Cori Quispe', 2381, '', 1999),
(1004786, 'Zhaoqin Peng', 2380, 'GM', 1968),
(2208954, 'Jesus Martin Duque', 2377, 'FM', 1996),
(3501744, 'Angel Perez Quinones', 2377, 'FM', 1974),
(4700023, 'Ilir Karkanaqe', 2374, 'FM', 1953),
(2200295, 'Agustin Garcia Luque', 2372, 'IM', 1964),
(4401131, 'Miguel Mosquera', 2372, 'IM', 1979),
(2102765, 'Vinicius De Abreu Marques', 2370, 'IM', 1978),
(401153, 'Gary Quillan', 2367, 'IM', 1970),
(101370, 'Enrique Alejandro Scarella', 2367, 'IM', 1972),
(8609772, 'Qingyu Yuan', 2359, '', 0),
(1700332, 'Thomas Engqvist', 2353, 'IM', 1963),
(3514803, 'Jorge Leon Oquendo', 2352, 'FM', 1994),
(8604398, 'Kaiqi Yang', 2352, 'IM', 1988),
(2200198, 'Enrique Fernandez Aguado', 2351, 'IM', 1967),
(2262436, 'Sergio Trigo Urquijo', 2347, '', 1989),
(3800059, 'Oscar Quinones Carrillo', 2345, 'IM', 1941),
(14200333, 'Beqali Saidov', 2345, 'FM', 1980),
(8601461, 'Qun Li', 2341, 'FM', 0),
(2292688, 'Alberto Quintin Navarro', 2340, 'FM', 1995),
(3506991, 'Noel Hernandez Marquez', 2339, 'FM', 1975),
(3600270, 'Martha L Fierro Baquero', 2338, 'IM', 1977),
(2101149, 'Daniel De Cerqueira Goes', 2335, 'FM', 1961),
(4700074, 'Llambi Qendro', 2334, 'IM', 1953),
(2227398, 'Enrique Alvarez Fernandez', 2332, 'FM', 1986),
(5106311, 'Oscar Gerardo Sanchez Enriquez', 2331, 'IM', 1989),
(2299100, 'Enrique Tejedor Fuente', 2328, 'FM', 1995),
(8601879, 'Yunqi Ji', 2327, '', 0),
(114839, 'Jacques Blit', 2326, 'IM', 1990),
(5201322, 'Enrique Paciencia', 2326, 'IM', 1967),
(7600020, 'Toufeeq Catalan', 2322, 'FM', 1953),
(3506410, 'Carlos Enrique Mena Crespo', 2320, 'FM', 1987),
(8600775, 'Liang Qiao', 2319, 'FM', 1975),
(8602425, 'Qianyun Gong', 2317, 'WIM', 1985),
(623121, 'Helder Frade-Marques', 2317, '', 1988),
(22219064, 'Jose Joaquin Bas Mas', 2316, 'FM', 1995),
(3901564, 'Remo Bassan Mosquera', 2315, 'IM', 1994),
(8602450, 'Qi Chen', 2315, '', 0),
(2200813, 'Alejandro Ortega Izquierdo', 2313, 'FM', 1929),
(652873, 'Jacques Netzer', 2310, 'FM', 1994),
(5204054, 'Merben Roque', 2309, '', 0),
(4648218, 'Michael Quast', 2308, 'FM', 1964),
(8603030, 'Tong Qiu', 2308, '', 1990),
(1001043, 'Johan Quist', 2307, 'FM', 1966),
(3505154, 'Jose Manuel Calvo Quinteiro', 2307, 'FM', 1994),
(3513157, 'Cristian Vitier Vazquez', 2307, 'FM', 1993),
(4442024, 'Esteban Alb Valderrama Quiceno', 2307, 'FM', 1993),
(8601453, 'Chuanqi Kang', 2307, 'FM', 1982),
(1700669, 'Kurt Setterqvist', 2306, 'FM', 1962),
(2203634, 'Andres Rodriguez Marque', 2306, '', 1964),
(2200619, 'Joaquin Noria Silvestre', 2305, '', 1945),
(3503666, 'Luis Enrique Valle Maytin', 2303, '', 1980),
(13601113, 'Zurab Tqebuchava', 2303, 'IM', 1978),
(2109000, 'Pedro Henrique De Paiva', 2302, '', 1987),
(3500110, 'Joaquin Carlos Diaz Diaz', 2302, 'IM', 1948),
(600334, 'Jacques Macles', 2301, 'FM', 1945),
(812579, 'Luca Cerquitella', 2301, 'FM', 1985),
(616800, 'Dominique Leygue', 2299, 'FM', 1978),
(4700040, 'Zeqir Sula', 2299, 'FM', 1949),
(5217334, 'Narquinden Reyes', 2299, 'FM', 1993),
(8601917, 'Qinbin Liu', 2299, '', 1982),
(3401197, 'Marcelo Jorquera', 2297, 'FM', 1976),
(12400645, 'Quoc Dung Tran', 2297, '', 1983),
(104418, 'Diego Quinteros', 2295, '', 1973),
(2214610, 'Joaquin Cardenas Valero', 2295, '', 1975),
(600717, 'Dominique Guigonis', 2293, '', 1961),
(1301802, 'Enrique Almada', 2293, 'FM', 1963),
(3500217, 'Pedro Paneque Martin', 2292, 'IM', 1968),
(8600333, 'Jifu Qian', 2292, 'FM', 1946),
(3600041, 'Bernardo Moran Nuque', 2290, 'FM', 0),
(2603918, 'Yaaqov Vaingorten', 2289, 'FM', 1981),
(8100659, 'Aws Qaddara', 2289, 'FM', 1982),
(614815, 'Thomas Pasquier', 2288, 'FM', 1979),
(3400301, 'Enrique Larrachea Formas', 2287, 'FM', 1958),
(1900145, 'Joao F A Sequeira', 2285, 'FM', 1960),
(8600317, 'Qinan Sun', 2285, '', 1962);
INSERT INTO `Player` (`PlayerID`, `PlayerName`, `ELORating`, `Title`, `YearOfBirth`) VALUES
(12400920, 'Ngoc Quang Ngo', 2285, '', 1983),
(1908332, 'Antonio Pedro Freixial Vasques', 2284, '', 1993),
(1700677, 'Ulf Svanquist', 2284, '', 1945),
(2285940, 'Enrique Colon Garcia', 2283, 'FM', 1993),
(3503500, 'Ronaldo Llaudy Vazquez', 2283, '', 1968),
(2211807, 'Enrique Biedma Martin', 2282, 'FM', 1969),
(5106060, 'David Rodriguez Quintana', 2282, '', 1987),
(1302183, 'Jacques Kolly', 2281, 'FM', 1972),
(2202620, 'Juan Carlos Blazquez Gomez', 2281, '', 1973),
(13600737, 'Sopio Tqeshelashvili', 2281, 'WGM', 1979),
(5100127, 'Enrique Monroy Cerecero', 2280, 'FM', 1957),
(5800382, 'Suan-Shiau Evans-Quek', 2280, '', 1961),
(8601550, 'Qing Li', 2280, '', 0),
(2228556, 'Miguel Rada Equiza', 2278, 'FM', 1984),
(13600176, 'Gocha Tqebuchava', 2276, 'FM', 1961),
(4700716, 'Shkelqim Cela', 2274, 'FM', 1956),
(12400939, 'Quoc Khanh To', 2271, '', 1973),
(2600528, 'Pierre Boutquin', 2270, '', 1960),
(103519, 'Facundo Quiroga', 2270, 'IM', 1957),
(2213788, 'Francisco Miguel Quintero', 2270, 'FM', 1974),
(3800628, 'Milton Iturry Quinonez', 2270, '', 1972),
(7800193, 'Mohamed Waqar', 2270, '', 1965),
(4402014, 'Q Giovanny Ospina', 2269, '', 1981),
(5204674, 'Mari Joseph Turqueza', 2269, 'FM', 1992),
(5201632, 'Jouaquin Banawa', 2268, 'FM', 1987),
(6400485, 'Luis Flaquer', 2268, 'FM', 1986),
(200700, 'Kim Le Quang', 2267, 'FM', 1971),
(4603427, 'Jacques Hogenacker', 2266, '', 1964),
(3800113, 'Julio E Vasquez', 2265, '', 1943),
(2205335, 'Enrique Gavin Roche', 2264, '', 1973),
(4400682, 'Rafael Araque', 2263, 'IM', 1968),
(3800423, 'Requejo Cotrin Oswaldo Valentin', 2262, 'FM', 1975),
(3100235, 'Raul Vazquez Reyes', 2260, 'FM', 1991),
(601012, 'Jacques Baudrier', 2260, '', 1966),
(6700039, 'Manuel A Velasquez', 2260, '', 0),
(10500197, 'Mohd Omar Dk Qalila Pg', 2260, '', 0),
(111139, 'Ezequiel Ferro', 2259, '', 0),
(3800601, 'Cesar Quinones', 2259, 'FM', 1974),
(2202077, 'Antonio Lopez Izquierdo', 2258, '', 1957),
(7300530, 'Carlos David Quinonez Centeno', 2257, 'FM', 1987),
(2208989, 'Jose Juis Blazquez Gomez', 2256, '', 1974),
(10500120, 'Mohd Omar Ak Qadri Pg', 2255, '', 0),
(2210061, 'Joaquim Gutierrez Clares', 2254, '', 1973),
(3200213, 'Chris Depasquale', 2254, 'FM', 1961),
(8605750, 'Qilin Bao', 2253, '', 1993),
(26028654, 'Quentin Burri', 2253, 'FM', 2001),
(3508765, 'Eddy Ernesto Enrique Hernandez', 2252, '', 1989),
(8601240, 'Zhiqian Gao', 2252, '', 1973),
(2206919, 'Miguel Angel Malo Quiros', 2250, '', 1977),
(2200783, 'Fermin Vasquez', 2250, '', 0),
(5101344, 'Jorge Mena Vazquez', 2250, 'FM', 0),
(3600092, 'Raul Marquez', 2249, '', 1958),
(2200805, 'Jose Coret Frasquet', 2249, 'FM', 1942),
(3410579, 'Martin Diaz Vasquez', 2249, '', 1989),
(2226502, 'Fco Jose Marquinez Capillas', 2248, '', 1964),
(2118688, 'Joao Paulo Cassemiro Marques', 2245, '', 1996),
(3406792, 'Carlos Felipe Squella Lavin', 2245, '', 1996),
(8609063, 'Bang Qin', 2245, '', 0),
(2003104, 'Todd Q Miller', 2244, '', 1957),
(8600384, 'Jiaquan Wang', 2243, '', 1949),
(2003481, 'Enrique Conejo', 2240, '', 1949),
(2221942, 'Enric Piqueres Pla', 2240, '', 1960),
(7800169, 'Rafiq Butt', 2240, '', 0),
(4800745, 'Rabeea Qasim Mohammed Al-Qazzaz', 2236, 'CM', 1956),
(5100615, 'Hector Quintanilla', 2235, '', 1969),
(601306, 'Dominique Giacomazzi', 2235, '', 1956),
(2605651, 'Zi Yi Joey Qin', 2234, '', 1996),
(5201276, 'Jose Jr Aquino', 2234, '', 0),
(7800150, 'Anwar Qureshi', 2234, 'CM', 1963),
(4400070, 'Luis A Baquero', 2232, '', 1954),
(2102285, 'Carlos Henrique De Souza', 2232, '', 1964),
(2255383, 'Joaquin Travesset Ribera', 2232, '', 1964),
(8000003146, 'Jacques Chamouillet', 2405, '', 0),
(8000000422, 'Jacques Schwarz', 2447, '', 0),
(8000000905, 'Jacques-Francois Mouret', 2426, '', 0),
(8000002053, 'Enrique Corzo Y Principe', 2245, '', 0),
(8000000483, 'Jacques Mieses', 2395, '', 0),
(8000000534, 'Andres Clemente Vazquez', 2339, '', 0),
(4611799, 'Rene Stern', 2555, 'GM', 1972),
(8603090, 'Ruiyuan Yu', 2571, 'GM', 1991),
(4100301, 'Yuri S Razuvaev', 2560, 'GM', 0),
(4101634, 'Alexander Vaulin', 2550, 'GM', 0),
(4623169, 'Alexander Naumann', 2548, 'GM', 1979),
(2040506, 'Samuel Sevian', 2548, 'GM', 2000),
(24104272, 'Ivan Rozum', 2547, 'GM', 1991),
(4600070, 'Matthias Wahls', 2543, 'GM', 1968),
(13002759, 'Kyaw Mint', 2542, '', 0),
(405248, 'Stewart G Haslinger', 2526, 'GM', 1981),
(13001469, 'Tun Win Zaw', 2503, '', 0),
(1010697, 'Twan Burg', 2502, 'IM', 1990),
(400106, 'David R Norwood', 2502, 'GM', 1968),
(1132253, 'Daniel Sadzikowski', 2501, 'IM', 1994),
(3500012, 'Walter Arencibia Rodriguez', 2501, 'GM', 1967),
(400157, 'William N Watson', 2498, 'GM', 1962),
(5201330, 'Darwin Laylo', 2496, 'GM', 1980),
(615013, 'Anthony Wirig', 2490, 'GM', 1983),
(2000253, 'Wiliam G Addison', 2490, 'IM', 0),
(3205207, 'Max Illingworth', 2489, 'IM', 1992),
(8600023, 'Zili Wang', 2488, 'GM', 1968),
(2029111, 'Darwin Yang', 2485, 'IM', 1996),
(8600430, 'Lei Wang', 2484, 'WGM', 1975),
(1010824, 'Robin Swinkels', 2484, 'GM', 1989),
(2024322, 'Daniel Ludwig', 2484, 'IM', 1990),
(14101904, 'Miroslav Schwarz', 2482, 'IM', 1975),
(1300040, 'Werner Hug', 2482, 'IM', 1952),
(13002503, 'Zaw A Nyi Nyi', 2478, '', 0),
(8603189, 'Yunguo Wan', 2477, 'IM', 1990),
(408638, 'Lawrence Trent', 2476, 'IM', 1986),
(402893, 'Matthew J Turner', 2476, 'GM', 1975),
(8600112, 'Wenzhe Liu', 2473, 'IM', 1940),
(1700073, 'Tom Wedberg', 2471, 'GM', 1953),
(1700146, 'Michael Wiedenkeller', 2470, 'IM', 1963),
(2400022, 'Paul Motwani', 2470, 'GM', 1962),
(406465, 'Daniel W Gormally', 2467, 'GM', 1976),
(5018137, 'Jayaram Ashwin', 2466, 'IM', 1990),
(2005158, 'Joshua Waitzkin', 2464, 'IM', 1976),
(1129775, 'Michal Matuszewski', 2463, 'IM', 1993),
(4300904, 'Puchen Wang', 2457, 'IM', 1990),
(4612396, 'Jens-Uwe Maiwald', 2456, 'GM', 1974),
(2021030, 'Robert Andrew Hungaski', 2456, 'GM', 1987),
(1136720, 'Kacper Drozdowski', 2456, 'IM', 1996),
(4153472, 'Vjacheslav Weetik', 2456, 'FM', 1985),
(3300200, 'Oswaldo Zambrana', 2455, 'GM', 1981),
(1008641, 'Jan-Willem De Jong', 2454, 'IM', 1981),
(8606021, 'Yiye Wang', 2454, 'IM', 1998),
(405817, 'Andrew N Greet', 2453, 'IM', 1979),
(1119966, 'Kamil Stachowiak', 2452, 'IM', 1986),
(1118188, 'Pawel Szablowski', 2450, 'IM', 1986),
(2000466, 'Norman Weinstein', 2450, 'IM', 1950),
(13001957, 'Aung Kyaw Hein', 2450, '', 1982),
(2019353, 'John Bartholomew', 2449, 'IM', 1986),
(1602381, 'Roland Schweda', 2449, 'FM', 1974),
(1124552, 'Tomasz Warakomski', 2449, 'IM', 1989),
(8700168, 'Amon Simutowe', 2449, 'GM', 1982),
(5800714, 'Shaobin Wu', 2447, 'GM', 1969),
(1130170, 'Marcin Sieciechowicz', 2447, 'IM', 1992),
(14117444, 'Olexandr Lodotchnikow', 2447, 'IM', 1954),
(5019184, 'S Dhopade Swapnil', 2446, 'IM', 1990),
(1011316, 'Matthew Tan', 2445, 'IM', 1988),
(4611390, 'Mathias Womacka', 2442, 'GM', 1966),
(1701754, 'Jonathan Westerberg', 2442, 'IM', 1994),
(114650, 'Christian Goldwaser', 2442, 'IM', 1989),
(3403955, 'Shuai Wang', 2442, 'IM', 1987),
(400327, 'Peter K Wells', 2441, 'GM', 1965),
(4622561, 'Christian Wilhelmi', 2439, 'IM', 1976),
(1113500, 'Stanislaw Zawadzki', 2439, 'IM', 1984),
(1129708, 'Mateusz Kolosowski', 2439, 'IM', 1992),
(1500040, 'Arne Zwaig', 2439, 'IM', 1947),
(13001973, 'Han Win Tun', 2438, '', 1977),
(1132717, 'Maciej Klekowski', 2436, '', 1992),
(2024799, 'Yaacov Norowitz', 2435, 'IM', 1982),
(2000415, 'William J Lombardy', 2435, 'GM', 1937),
(2400553, 'John Shaw', 2435, 'GM', 1968),
(4600126, 'Wolfgang Unzicker', 2435, 'GM', 0),
(5800013, 'Leslie M Leow', 2435, 'IM', 1956),
(8600058, 'Weiguo Lin', 2435, 'IM', 1970),
(1124480, 'Piotr Brodowski', 2434, '', 1989),
(2000083, 'John P Fedorowicz', 2433, 'GM', 1958),
(1101684, 'Miroslaw Grabarczyk', 2433, 'GM', 1971),
(2000210, 'Walter S Browne', 2432, 'GM', 1949),
(2801604, 'Edward Porper', 2431, 'IM', 1963),
(4616049, 'Alexander Lagunow', 2431, 'IM', 1967),
(1100220, 'Piotr Staniszewski', 2431, 'IM', 1966),
(1109243, 'Radoslaw Jedynak', 2431, 'GM', 1982),
(1100092, 'Adam Kuligowski', 2430, 'GM', 1955),
(404454, 'Simon K Williams', 2430, 'GM', 1979),
(4603508, 'Dieter Morawietz', 2430, 'IM', 1963),
(400262, 'William R Hartston', 2430, 'IM', 1947),
(1000144, 'Cornelis Van Wijgerden', 2430, 'IM', 1950),
(1003992, 'Edwin Van Haastert', 2430, 'IM', 1974),
(5800706, 'Wei Ming Kevin Goh', 2430, 'IM', 1983),
(8600490, 'Wenliang Li', 2429, 'IM', 1967),
(1007238, 'Thomas Willemze', 2428, 'IM', 1982),
(7101554, 'Winshand Cuhendi Sean', 2428, 'IM', 1997),
(14300249, 'Daniel Cawdery', 2428, 'IM', 1982),
(4644743, 'Joerg Wegerle', 2426, 'IM', 1985),
(1122428, 'Lukasz Butkiewicz', 2426, 'IM', 1988),
(5028183, 'Mishra Swayams', 2424, 'IM', 1992),
(1700049, 'Richard Wessman', 2423, 'IM', 1969),
(400203, 'Chris G Ward', 2423, 'GM', 1968),
(1122320, 'Jolanta Zawadzka', 2422, 'WGM', 1987),
(1003143, 'Karel Van Der Weide', 2422, 'GM', 1973),
(11000228, 'Robert Gwaze', 2422, 'IM', 1982),
(4604610, 'Anselm Wagner', 2421, 'FM', 1972),
(4645871, 'Till Wippermann', 2420, 'IM', 1980),
(1271703, 'Jaroslaw Krassowizkij', 2419, 'IM', 1992),
(200042, 'Marc Dutreeuw', 2417, 'IM', 1960),
(1132199, 'Marcin Krzyzanowski', 2417, 'IM', 1994),
(4637321, 'Sergey Kalinitschew', 2416, 'GM', 1956),
(1106236, 'Piotr Dobrowolski', 2416, 'IM', 1976),
(1133950, 'Oskar Wieczorek', 2416, 'IM', 1994),
(1618423, 'Georg Froewis', 2415, 'IM', 1990),
(1122681, 'Karina Szczepkowska-Horowska', 2414, 'WGM', 1987),
(4601548, 'Wolfgang Gerstner', 2414, 'FM', 1967),
(4637151, 'Ewgeni Gisbrecht', 2414, 'IM', 1973),
(2000318, 'Ron W Henley', 2414, 'GM', 1956),
(8600864, 'Yaoyao Wang', 2414, 'IM', 1973),
(5002974, 'Saptarshi Roy Chowdhury', 2413, 'GM', 1982),
(2001756, 'Cyrus Lakdawala', 2413, 'IM', 1960),
(4634675, 'Kai Wornath', 2412, 'FM', 1974),
(4613767, 'Rolf Schlindwein', 2410, 'IM', 1974),
(325511, 'Vojtech Zwardon', 2410, 'IM', 1990),
(5700574, 'Zi Jing Wong', 2410, 'IM', 1982),
(24692050, 'Johannes Carow', 2409, 'FM', 1996),
(1000470, 'Mark Van Der Werf', 2409, 'IM', 1968),
(2604493, 'Raja Panjwani', 2408, 'IM', 1990),
(4000609, 'Tom Weber', 2408, 'IM', 1984),
(2000741, 'Andrew E Soltis', 2407, 'GM', 1947),
(8000000053, 'Ludwig Erdmann Bledow', 2444, '', 0),
(8000000904, 'Edward Alberoni', 2444, '', 0),
(8000000744, 'Salomon Loewenthal', 2432, '', 0),
(8000002175, 'Georg Henryk Solomonowicz Salwe', 2482, '', 0),
(8000002337, 'Aron Nimzowitsch', 2419, '', 0),
(8000000300, 'John Wisker', 2443, '', 0),
(8000000012, 'Daniel Harrwitz', 2514, '', 0),
(8000000006, 'Howard Staunton', 2507, '', 0),
(8000002174, 'Akiba Kiwelowicz Rubinstein', 2488, '', 0),
(8000000423, 'Miksa Weiss', 2485, '', 0),
(8000000048, 'George Walker', 2466, '', 0),
(8000000026, 'Thomas Wilson Barnes', 2413, '', 0),
(8000002336, 'Albert Whiting Fox', 2427, '', 0),
(8000000220, 'William Wayte', 2461, '', 0),
(8000000009, 'Bernhard Horwitz', 2459, '', 0),
(8000000047, 'William Lewis', 2458, '', 0),
(8000000853, 'Wilhelm Bauer', 2499, '', 0),
(4115031, 'Alexander Volzhin', 2540, 'GM', 1971),
(4100794, 'Alexey Kuzmin', 2539, 'GM', 1963),
(14100690, 'Alexander Nosenko', 2537, 'GM', 1968),
(2005492, 'Alex Yermolinsky', 2531, 'GM', 1958),
(4128125, 'Alexandra Kosteniuk', 2529, 'GM', 1984),
(2600170, 'Alexandre Lesiege', 2528, 'GM', 1975),
(8601283, 'Xue Zhao', 2527, 'GM', 1985),
(4119002, 'Alexander Rustemov', 2525, 'GM', 1973),
(2000202, 'Alexander Ivanov', 2519, 'GM', 1956),
(4119240, 'Alexander Lastin', 2518, 'GM', 1976),
(4120949, 'Alexei Kornev', 2517, 'GM', 1976),
(4161289, 'Maxim Novikov', 2507, 'GM', 1972),
(4139275, 'Alexander A Evdokimov', 2505, 'GM', 1985),
(14104954, 'Alexander Bagrationi', 2505, 'GM', 1990),
(2000512, 'Alex Sherzer', 2504, 'GM', 1971),
(815837, 'Axel Rombaldoni', 2501, 'GM', 1992),
(4105257, 'Alexei Bezgodov', 2501, 'GM', 1969),
(2008572, 'Alexander Shabalov', 2500, 'GM', 1967),
(2000075, 'Maxim Dlugy', 2500, 'GM', 1966),
(4162080, 'Alexey Reshetnikov', 2498, 'IM', 1988),
(14108801, 'Alexey Kislinsky', 2496, 'GM', 1984),
(4179692, 'Alexander Kozyrev', 2492, 'IM', 1959),
(14100509, 'Alexander Moroz', 2490, 'IM', 0),
(203882, 'Alexandre Dgebuadze', 2489, 'GM', 1971),
(2500914, 'Alexander Baburin', 2485, 'GM', 1967),
(4168437, 'Alexey Smirnov', 2482, '', 1983),
(4101189, 'Alexander Khasin', 2481, 'GM', 1951),
(4117301, 'Alexander Cherniaev', 2481, 'GM', 1969),
(632023, 'Axel Delorme', 2480, 'IM', 1990),
(4101227, 'Alex Avshalumov', 2475, 'IM', 1964),
(4129776, 'Alexey Kim', 2473, 'GM', 1986),
(4102924, 'Maxim Novik', 2472, 'GM', 1970),
(809306, 'Lorenz Maximilian Drabke', 2470, 'IM', 1984),
(811416, 'Lexy Ortega', 2470, 'GM', 1960),
(1707930, 'Axel Smith', 2468, 'IM', 1986),
(4152590, 'Alexandr Shorokhov', 2467, 'IM', 1987),
(4104358, 'Alexei Gavrilov', 2466, 'GM', 1960),
(4115058, 'Alexey Pugachov', 2466, 'IM', 1965),
(8600635, 'Yuhua Xu', 2465, 'GM', 1976),
(2017245, 'Aaron Pixton', 2465, 'FM', 1986),
(4164490, 'Alexander Zaitsev', 2465, 'IM', 1985),
(14105659, 'Dmitry Maximov', 2463, 'GM', 1984),
(14200082, 'Alexei Barsov', 2462, 'GM', 1966),
(4104790, 'Alexey Ivanov', 2462, 'IM', 1969),
(24121657, 'Alexey Mokshanov', 2461, 'IM', 1995),
(4112423, 'Alexander Kalinin', 2459, 'GM', 1968),
(4137175, 'Alexandr Voinov', 2457, 'FM', 1982),
(4172914, 'Alexey Yatsenko', 2457, 'IM', 1986),
(4133358, 'Alexander Syrchikov', 2456, 'IM', 1960),
(4127749, 'Alexander Khmelnitski', 2455, '', 1972),
(4159985, 'Alexander Zabotin', 2454, 'IM', 1986),
(14105411, 'Alexander Belezky', 2453, 'IM', 1983),
(4155351, 'Alexander Moskalenko', 2453, 'IM', 1988),
(8604940, 'Yinglun Xu', 2453, '', 1996),
(4103874, 'Alexey Mitenkov', 2449, 'IM', 1961),
(14107295, 'Alexander Razmyslov', 2449, 'IM', 1967),
(14107830, 'Alexander Pipa', 2443, 'IM', 1968),
(13700251, 'Alexander Matros', 2442, 'IM', 1970),
(13500473, 'Alexander Ryskin', 2440, 'IM', 0),
(700029, 'Gyula Sax', 2439, 'GM', 1951),
(622591, 'Kevin Terrieux', 2439, 'IM', 1985),
(4152050, 'Alexander Slizhevsky', 2439, 'IM', 1985),
(4154720, 'Alexander Krapivin', 2439, 'GM', 1987),
(2802910, 'Alexander Kaspi', 2438, 'IM', 1964),
(4150457, 'Alexey Kornyukov', 2438, 'IM', 1977),
(14115220, 'Alexey Solovchuk', 2438, '', 1981),
(24107646, 'Alexandr Ulanov', 2438, 'IM', 1993),
(4120132, 'Alexander S Zakharov', 2437, 'IM', 1981),
(617938, 'David Housieaux', 2436, 'IM', 1983),
(14118122, 'Maxim Polyakov', 2436, 'IM', 1989),
(24133795, 'Alexey Sarana', 2436, '', 2000),
(4667557, 'Axel Heinz', 2435, 'IM', 1987),
(24126454, 'Maxim Lugovskoy', 2435, 'IM', 1996),
(4136810, 'Maxim Doronin', 2434, 'IM', 1984),
(8602972, 'Yixin Ding', 2434, 'WGM', 1991),
(4107330, 'Alexey Erikalov', 2433, 'IM', 1964),
(14102463, 'Olga Alexandrova', 2432, 'IM', 1978),
(4140230, 'Alexander Bochkarev', 2432, 'FM', 1975),
(4128630, 'Alexandr Trofimov', 2431, 'FM', 1937),
(4134524, 'Alexander Utnasunov', 2429, '', 1985),
(4621999, 'Alexander Lytchak', 2429, 'IM', 1978),
(4699033, 'Alexander Seyb', 2428, 'FM', 1991),
(4102665, 'Alexey Zenzera', 2427, 'IM', 1997),
(4122097, 'Alexey A Feoktistov', 2427, 'IM', 1974),
(4165462, 'Alexey Lebedev', 2427, 'FM', 1976),
(4102002, 'Alexander A Kuyindzhi', 2426, '', 1942),
(4104315, 'Alexey Yuneev', 2425, 'IM', 1957),
(4124987, 'Alexander Chuiko', 2425, 'IM', 1967),
(8602247, 'Xin Jiang', 2424, '', 1980),
(8605718, 'Xiangyi Liu', 2424, 'FM', 2000),
(2801728, 'Alexander Mikhalevski', 2423, 'IM', 1958),
(2802295, 'Alexander Rabinovich', 2423, 'IM', 1978),
(4185790, 'Alexander Kosoturov', 2423, 'IM', 1955),
(657883, 'Fabien Guilleux', 2422, 'IM', 1990),
(3900258, 'Felix Jose Ynojosa Aponte', 2422, 'IM', 1996),
(3801950, 'Max Cornejo', 2421, 'IM', 1989),
(4128206, 'Alexei Belov', 2421, 'IM', 1980),
(4126360, 'Alexander Al Ivanov', 2420, 'GM', 1965),
(14110725, 'Alexander Chubukov', 2420, '', 1938),
(4103203, 'Alexander Raetsky', 2419, 'GM', 1961),
(4105389, 'Alexander A Semeniuk', 2419, 'IM', 1952),
(4104595, 'Alexander I Petrushin', 2418, 'IM', 1947),
(2501430, 'Alex Astaneh Lopez', 2417, 'IM', 1987),
(4115465, 'Alexander I Verner', 2417, 'IM', 1951),
(4123549, 'Alexej Khamatgaleev', 2417, 'IM', 1967),
(24637033, 'Alexander Raykhman', 2416, 'IM', 1992),
(4161866, 'Alexander Tumanov', 2415, '', 1985),
(4167635, 'Alexey Ivanov', 2415, 'IM', 1987),
(4173899, 'Alexander Vinogradov', 2415, 'IM', 1956),
(6000150, 'Xian Yang', 2415, 'FM', 1962),
(13702939, 'Maxat Alaguzov', 2415, '', 1988),
(4114515, 'Alexander F Dokutchaev', 2414, '', 1972),
(4134834, 'Alexei Lubashov', 2414, '', 0),
(13900544, 'Alexey Khruschiov', 2413, 'GM', 1982),
(4124863, 'Alexey Ivanov', 2411, 'IM', 1974),
(4118316, 'Alexander Gelman', 2410, 'IM', 1976),
(8000000232, 'Evgeny Alexandrovich Von Schmidt', 2416, '', 0),
(8000000475, 'Max Harmonist', 2519, '', 0),
(8000000364, 'Maximilian Fleissig', 2426, '', 0),
(8000000588, 'Alexander Halprin', 2419, '', 0),
(8000000318, 'Max Judd', 2423, '', 0),
(8000000410, 'Max Bier', 2426, '', 0),
(8000000418, 'Alexander G Sellman', 2438, '', 0),
(4153278, 'Dmitry Kryakvin', 2544, 'GM', 1984),
(13800019, 'Leonid Yurtaev', 2540, 'GM', 0),
(14101130, 'Andrey Zontakh', 2538, 'GM', 1970),
(817570, 'Danyyil Dvirnyy', 2536, 'GM', 1990),
(2800080, 'Yona Kosashvili', 2531, 'GM', 1970),
(603252, 'Anatoly Vaisser', 2530, 'GM', 1949),
(4100921, 'Vitaly Tseshkovsky', 2530, 'GM', 0),
(14109743, 'Valeriy Aveskulov', 2529, 'GM', 1986),
(4182596, 'Evgeny A Levin', 2529, 'GM', 1990),
(208027, 'Tanguy Ringoir', 2526, 'IM', 1994),
(4122747, 'Andrey Shariyazdanov', 2525, 'GM', 1976),
(4122259, 'Vladimir Kosyrev', 2520, 'GM', 1980),
(4100468, 'Sergey Makarichev', 2520, 'GM', 1953),
(4159659, 'Sergei Yudin', 2520, 'GM', 1986),
(400050, 'Murray G Chandler', 2518, 'GM', 1960),
(4194128, 'Vitaliy Kiselev', 2516, 'GM', 1988),
(4100654, 'Yuri Yakovich', 2515, 'GM', 1962),
(4100603, 'Nukhim N Rashkovsky', 2515, 'GM', 1946),
(4126378, 'Denis Yevseev', 2515, 'GM', 1973),
(13504037, 'Andrey Gorovets', 2515, 'IM', 1987),
(1510045, 'Aryan Tari', 2513, 'IM', 1999),
(4129954, 'Evgeny Ermakov', 2513, 'IM', 1965),
(4100638, 'Evgeny Sveshnikov', 2511, 'GM', 1950),
(12100196, 'Mohammed Al-Sayed', 2511, 'GM', 1981),
(13300865, 'Mher Hovhannisyan', 2510, 'IM', 1978),
(2802341, 'Leonid Yudasin', 2510, 'GM', 1959),
(717312, 'Gergely Antal', 2509, 'GM', 1985),
(13501429, 'Vitaly Teterev', 2509, 'GM', 1983),
(2000164, 'Sergey Kudrin', 2508, 'GM', 1959),
(2805340, 'Ilya Khmelniker', 2506, 'GM', 1985),
(13500031, 'Viacheslav Dydyshko', 2506, 'GM', 1949),
(4100417, 'Anatoly D Machulsky', 2505, 'GM', 1956),
(14200880, 'Sergey Kayumov', 2505, 'GM', 1981),
(5074452, 'Murali Karthikeyan', 2504, 'IM', 1999),
(5105269, 'Manuel Leon Hoyos', 2503, 'GM', 1989),
(615668, 'Anthony Bellaiche', 2503, 'IM', 1987),
(8000000316, 'Henry Hosmer', 2525, '', 0),
(8000000559, 'Henry Ernest Atkins', 2527, '', 0),
(12800023, 'Eduardas Rozentalis', 2535, 'GM', 1963),
(13601865, 'Levan Aroshidze', 2535, 'GM', 1985),
(4152786, 'Vladimir Kozhakin', 2533, 'FM', 1957),
(12800104, 'Darius Ruzele', 2531, 'GM', 1968),
(7900309, 'Aimen Rizouk', 2524, 'GM', 1979),
(4107969, 'Igor Zakharevich', 2520, 'IM', 0),
(3507904, 'Camilo Ernesto Gomez Garrido', 2519, 'IM', 1987),
(13602608, 'Tornike Sanikidze', 2515, 'GM', 1989),
(7200595, 'Helgi Dam Ziska', 2515, 'IM', 1990),
(4127854, 'Aram Gazarian', 2513, 'GM', 1983),
(2801485, 'Ronen Har-Zvi', 2512, 'GM', 1976),
(4601718, 'Michael Bezold', 2509, 'GM', 1972),
(2021722, 'Mackenzie Molner', 2507, 'GM', 1988),
(14200236, 'Marat Dzhumaev', 2505, 'GM', 1976),
(4131045, 'Kazbek Akbaev', 2504, 'GM', 1981),
(13600028, 'Tamaz Giorgadze', 2504, 'GM', 1947),
(722960, 'David Berczes', 2503, 'GM', 1990),
(14500124, 'Goran Dizdar', 2502, 'GM', 1958),
(6500170, 'Bernal Gonzalez Acosta', 2502, 'GM', 1973),
(800317, 'David Zilberstein', 2500, 'IM', 1941),
(2800705, 'Dan Zoler', 2500, 'GM', 1974),
(13600036, 'Maia Chiburdanidze', 2500, 'GM', 1961),
(13603027, 'Shota Azaladze', 2499, 'IM', 1989),
(12800040, 'Aloyzas Kveinys', 2496, 'GM', 1962),
(2000245, 'Anatoly Dozorets', 2495, 'FM', 1957),
(4127560, 'Mikhail Zaitsev', 2495, 'IM', 1971),
(4614054, 'Roland Schmaltz', 2495, 'GM', 1974),
(900400, 'Svetozar Gligoric', 2495, 'GM', 0),
(810894, 'Roberto Mogranzini', 2494, 'GM', 1983),
(4136209, 'Dzhakay Dzhakaev', 2494, 'GM', 1980),
(13700154, 'Ruslan Irzhanov', 2494, 'GM', 1976),
(11600136, 'Normunds Miezis', 2493, 'GM', 1971),
(10200037, 'Ziaur Rahman', 2490, 'GM', 1974),
(1202600, 'Ranko Szuhanek', 2489, 'IM', 1974),
(4134974, 'Nadezhda Kosintseva', 2489, 'GM', 1985),
(8000001020, 'Dion M Martinez', 2501, '', 0);

-- --------------------------------------------------------

--
-- Table structure for table `Tournament`
--

CREATE TABLE IF NOT EXISTS `Tournament` (
  `TournamentID` bigint(20) unsigned NOT NULL,
  `TournamentName` varchar(255) DEFAULT NULL,
  `TournamentCity` varchar(255) DEFAULT NULL,
  `TournamentCountry` varchar(255) DEFAULT NULL,
  `TournamentDate` date NOT NULL DEFAULT '0000-00-00',
  PRIMARY KEY (`TournamentID`)
) ENGINE=MyISAM DEFAULT CHARSET=utf8;

--
-- Dumping data for table `Tournament`
--

INSERT INTO `Tournament` (`TournamentID`, `TournamentName`, `TournamentCity`, `TournamentCountry`, `TournamentDate`) VALUES
(10628, 'Mikhail Tal Memorial', 'Moscow', 'Russia', '2007-11-10'),
(8407, '80th St. Petersburg Men Championship', 'Saint Petersburg', 'Russia', '2007-05-29'),
(59830, 'Caissa GM', 'Kecskemet', 'Hungary', '2011-08-20'),
(48098, 'GE0 Women 67 Championship', 'Kutaisi', 'Georgia', '2010-01-09'),
(61476, 'Hungarian Team ChampionshipSzabo L Round 1-11', 'Hun Cities', 'Hungary', '2011-09-25'),
(58795, 'Science Park Amsterdam Chess Tournament - A', 'Amsterdam', 'Netherlands', '2011-07-09'),
(7634, '14th Russian Club Championship HL', 'Dagomys', 'Russia', '2007-05-02'),
(24713, 'Dubai Open', 'Dubai', 'UAE', '2003-04-20'),
(69664, '13th Obert Internacional Escacs de Figueres Miquel Mas Group A', 'Figueres', 'Spain', '2012-08-09'),
(32672, 'Open Oberwart A', 'Oberwart', 'Austria', '2005-07-09'),
(63995, 'ITT PRE-JAHV McGREGOR', 'Bogota', 'Colombia', '2011-11-30'),
(64883, 'National Open - Open Section', 'Las Vegas', 'USA', '2012-06-15'),
(52798, '12th Open Internacional Descacs de Sants, Hostafrancs i La Bordeta GRUP A', 'Barcelona', 'Spain', '2010-08-20'),
(60993, '21st Annual North American Open - Open Section', 'Las Vegas', 'USA', '2011-12-26'),
(36959, '25th Arco di Trento In. Op', 'Arco Di Trento', 'Italy', '2003-10-16'),
(64547, 'Moscow Open F', 'Moscow', 'Russia', '2012-01-27'),
(42847, '3rd Annual Philadelphia International', 'Philadelphia', 'USA', '2009-06-25'),
(55207, 'World Youth Chess Championships - Open Under 12', 'Halkidiki', 'Greece', '2010-10-20'),
(64989, 'FE 3 Delle Dolomiti', 'Forni Di Sopra', 'Italy', '2012-06-16'),
(56504, 'Aeroflot Open A', 'Moscow', 'Russia', '2011-02-08'),
(48467, 'Heart Of Finland', 'Jyvaskyla', 'Finland', '2010-07-05'),
(4540, 'Gausdal Bygger''n Masters', 'Gausdal', 'Norway', '2006-09-24'),
(65133, 'Hastings Blitz E', 'Hastings', 'England', '2012-01-02'),
(45560, 'Montenegro Women League', 'Cetinje', 'Montenegro', '2009-08-21'),
(51984, 'International Chess Festival Biel Master Tournament', 'Biel', 'Switzerland', '2010-07-19'),
(38031, 'Polish Boys Championship U16', 'Leba', 'Poland', '2006-03-27'),
(44911, '2nd League Serbia Vojvodina', 'Sombor', 'Serbia', '2009-09-27'),
(4177, 'Cjamp. de France National Feminin', 'Besancon', 'France', '2006-08-14'),
(27785, 'Kranj Open', 'Kranj', 'Slovenia', '2004-05-07'),
(61533, '19th th Skopje Open', 'Skopje', 'FYR Macedonia', '2011-10-24'),
(15127, 'Petrovskaya Ladya GM1', 'Peterhof', 'Russia', '2008-08-12'),
(8833, 'Druynowe Mistrzostwa Polski - I Liga Juniorw', 'Szklarska Poreba', 'Poland', '2007-07-02'),
(68735, 'Memorial Sarkisov Open', 'Belorechensk', 'Russia', '2012-05-23'),
(55891, 'Poti 6-th International Chess Festival Nana Aleksandria Cup', 'Poti', 'Georgia', '2011-07-11'),
(51603, 'Piatnik Cup Hungarian Championship U12', 'Budapest', 'Hungary', '2010-06-25'),
(58348, 'Cto. de Espaa por Equipos de Club Division de Honor', 'Melilla', 'Spain', '2011-11-21'),
(44668, 'Campeoanto de Espana Por Equipos de Club Segunda Division G II', 'Seville', 'Spain', '2009-08-05'),
(48723, '18e Open International de Saint-Affrique', 'Saint Affrique', 'France', '2010-07-24'),
(57324, '19me Open International de Saint-Affrique', 'Saint Affrique', 'France', '2011-07-23'),
(16774, 'Team Championship w Division', 'Borovets', 'Bulgaria', '2008-10-01'),
(56526, 'Mistrzostwa Polski Mezczyzn', 'Warsaw', 'Poland', '2011-02-12'),
(43816, 'Moscow Men Championship Final', 'Moscow', 'Russia', '2009-04-23'),
(3885, 'Norwegian Individual Championship Elite Class', 'Mossehallen', 'Norway', '2006-07-08'),
(41674, 'Moscow Open A', 'Moscow', 'Russia', '2009-01-31'),
(10640, 'Pfinay Mistrzostw Polski Seniorw Oraz do 20 lat', 'Chotowa', 'Poland', '2007-11-03'),
(36340, '18th Schwarzacher Op. Haupt', 'Schwarzach', 'Austria', '2003-08-23'),
(44542, '14th International Chess Festival Seahorse of Rewal', 'Rewal', 'Poland', '2009-08-20'),
(18203, '1er Grand Prix de l''Essonne 1e Etape - MI', 'Orsay', 'France', '2009-02-14'),
(7537, '1nd Alexandr Buslaev Memorial', 'Tbilisi', 'Georgia', '2007-04-03'),
(43875, 'Druzynowe Mistrzostwa Polski - Extraliga Juniorow', 'Chotowa', 'Poland', '2009-07-06'),
(33547, '20th Grand Prix Open A', 'Le Touquet', 'France', '2005-10-23'),
(17851, 'Petrovskaya Ladya GM2', 'Peterhof', 'Russia', '2009-01-13'),
(68625, 'Finnish League Day 3 Addl Match', 'Oulu', 'Finland', '2011-10-14'),
(43384, '2nd Mayors Cup International Open Chess Tournament', 'Mumbai', 'India', '2009-05-01');

-- --------------------------------------------------------

--
-- Table structure for table `TournamentToGameMapping`
--

CREATE TABLE IF NOT EXISTS `TournamentToGameMapping` (
  `TournamentToGameMappingID` bigint(20) unsigned NOT NULL AUTO_INCREMENT,
  `TournamentID` bigint(20) unsigned NOT NULL,
  `GameID` bigint(20) unsigned NOT NULL,
  PRIMARY KEY (`TournamentToGameMappingID`)
) ENGINE=MyISAM  DEFAULT CHARSET=utf8 AUTO_INCREMENT=696 ;

--
-- Dumping data for table `TournamentToGameMapping`
--

INSERT INTO `TournamentToGameMapping` (`TournamentToGameMappingID`, `TournamentID`, `GameID`) VALUES
(1, 10628, 1),
(2, 10628, 2),
(3, 10628, 3),
(4, 10628, 4),
(5, 10628, 5),
(6, 10628, 6),
(7, 10628, 7),
(8, 10628, 8),
(9, 10628, 9),
(10, 10628, 10),
(11, 10628, 11),
(12, 10628, 12),
(13, 10628, 13),
(14, 10628, 14),
(15, 10628, 15),
(16, 10628, 16),
(17, 10628, 17),
(18, 10628, 18),
(19, 10628, 19),
(20, 10628, 20),
(21, 10628, 21),
(22, 10628, 22),
(23, 10628, 23),
(24, 10628, 24),
(25, 10628, 25),
(26, 10628, 26),
(27, 10628, 27),
(28, 10628, 28),
(29, 10628, 29),
(30, 10628, 30),
(31, 10628, 31),
(32, 10628, 32),
(33, 10628, 33),
(34, 10628, 34),
(35, 10628, 35),
(36, 10628, 36),
(37, 10628, 37),
(38, 10628, 38),
(39, 10628, 39),
(40, 10628, 40),
(41, 10628, 41),
(42, 10628, 42),
(43, 10628, 43),
(44, 10628, 44),
(45, 10628, 45),
(46, 8407, 46),
(47, 8407, 47),
(48, 8407, 48),
(49, 8407, 49),
(50, 8407, 50),
(51, 8407, 51),
(52, 59830, 52),
(53, 59830, 53),
(54, 48098, 54),
(55, 61476, 55),
(56, 61476, 56),
(57, 61476, 57),
(58, 61476, 58),
(59, 58795, 59),
(60, 58795, 60),
(61, 58795, 61),
(62, 58795, 62),
(63, 58795, 63),
(64, 58795, 64),
(65, 7634, 65),
(66, 7634, 66),
(67, 7634, 67),
(68, 7634, 68),
(69, 7634, 69),
(70, 7634, 70),
(71, 7634, 71),
(72, 7634, 72),
(73, 7634, 73),
(74, 7634, 74),
(75, 7634, 75),
(76, 7634, 76),
(77, 7634, 77),
(78, 7634, 78),
(79, 7634, 79),
(80, 7634, 80),
(81, 7634, 81),
(82, 7634, 82),
(83, 7634, 83),
(84, 7634, 84),
(85, 7634, 85),
(86, 7634, 86),
(87, 7634, 87),
(88, 7634, 88),
(89, 7634, 89),
(90, 7634, 90),
(91, 7634, 91),
(92, 24713, 92),
(93, 24713, 93),
(94, 24713, 94),
(95, 24713, 95),
(96, 24713, 96),
(97, 24713, 97),
(98, 24713, 98),
(99, 24713, 99),
(100, 24713, 100),
(101, 24713, 101),
(102, 24713, 102),
(103, 24713, 103),
(104, 24713, 104),
(105, 24713, 105),
(106, 24713, 106),
(107, 24713, 107),
(108, 24713, 108),
(109, 24713, 109),
(110, 24713, 110),
(111, 24713, 111),
(112, 24713, 112),
(113, 24713, 113),
(114, 24713, 114),
(115, 24713, 115),
(116, 24713, 116),
(117, 24713, 117),
(118, 24713, 118),
(119, 69664, 119),
(120, 69664, 120),
(121, 69664, 121),
(122, 69664, 122),
(123, 32672, 123),
(124, 32672, 124),
(125, 32672, 125),
(126, 63995, 126),
(127, 63995, 127),
(128, 64883, 128),
(129, 64883, 129),
(130, 64883, 130),
(131, 64883, 131),
(132, 64883, 132),
(133, 52798, 133),
(134, 52798, 134),
(135, 60993, 135),
(136, 60993, 136),
(137, 36959, 137),
(138, 36959, 138),
(139, 36959, 139),
(140, 36959, 140),
(141, 36959, 141),
(142, 36959, 142),
(143, 64547, 143),
(144, 64547, 144),
(145, 64547, 145),
(146, 64547, 146),
(147, 64547, 147),
(148, 42847, 148),
(149, 42847, 149),
(150, 42847, 150),
(151, 42847, 151),
(152, 42847, 152),
(153, 42847, 153),
(154, 42847, 154),
(155, 42847, 155),
(156, 42847, 156),
(157, 42847, 157),
(158, 42847, 158),
(159, 42847, 159),
(160, 42847, 160),
(161, 42847, 161),
(162, 42847, 162),
(163, 42847, 163),
(164, 42847, 164),
(165, 42847, 165),
(166, 42847, 166),
(167, 42847, 167),
(168, 42847, 168),
(169, 42847, 169),
(170, 42847, 170),
(171, 42847, 171),
(172, 42847, 172),
(173, 42847, 173),
(174, 42847, 174),
(175, 42847, 175),
(176, 42847, 176),
(177, 42847, 177),
(178, 42847, 178),
(179, 42847, 179),
(180, 42847, 180),
(181, 55207, 181),
(182, 55207, 182),
(183, 55207, 183),
(184, 55207, 184),
(185, 55207, 185),
(186, 55207, 186),
(187, 55207, 187),
(188, 55207, 188),
(189, 55207, 189),
(190, 55207, 190),
(191, 64989, 191),
(192, 64989, 192),
(193, 64989, 193),
(194, 64989, 194),
(195, 56504, 195),
(196, 56504, 196),
(197, 56504, 197),
(198, 56504, 198),
(199, 56504, 199),
(200, 56504, 200),
(201, 56504, 201),
(202, 56504, 202),
(203, 56504, 203),
(204, 56504, 204),
(205, 56504, 205),
(206, 56504, 206),
(207, 56504, 207),
(208, 56504, 208),
(209, 56504, 209),
(210, 56504, 210),
(211, 56504, 211),
(212, 56504, 212),
(213, 56504, 213),
(214, 56504, 214),
(215, 56504, 215),
(216, 56504, 216),
(217, 56504, 217),
(218, 56504, 218),
(219, 56504, 219),
(220, 56504, 220),
(221, 56504, 221),
(222, 56504, 222),
(223, 56504, 223),
(224, 56504, 224),
(225, 56504, 225),
(226, 56504, 226),
(227, 56504, 227),
(228, 56504, 228),
(229, 56504, 229),
(230, 56504, 230),
(231, 56504, 231),
(232, 56504, 232),
(233, 56504, 233),
(234, 56504, 234),
(235, 56504, 235),
(236, 56504, 236),
(237, 56504, 237),
(238, 56504, 238),
(239, 56504, 239),
(240, 56504, 240),
(241, 56504, 241),
(242, 56504, 242),
(243, 56504, 243),
(244, 56504, 244),
(245, 56504, 245),
(246, 56504, 246),
(247, 56504, 247),
(248, 56504, 248),
(249, 56504, 249),
(250, 56504, 250),
(251, 56504, 251),
(252, 56504, 252),
(253, 56504, 253),
(254, 56504, 254),
(255, 56504, 255),
(256, 56504, 256),
(257, 56504, 257),
(258, 56504, 258),
(259, 56504, 259),
(260, 56504, 260),
(261, 56504, 261),
(262, 56504, 262),
(263, 56504, 263),
(264, 56504, 264),
(265, 56504, 265),
(266, 56504, 266),
(267, 56504, 267),
(268, 56504, 268),
(269, 56504, 269),
(270, 56504, 270),
(271, 56504, 271),
(272, 56504, 272),
(273, 56504, 273),
(274, 56504, 274),
(275, 56504, 275),
(276, 56504, 276),
(277, 56504, 277),
(278, 56504, 278),
(279, 56504, 279),
(280, 56504, 280),
(281, 56504, 281),
(282, 56504, 282),
(283, 56504, 283),
(284, 56504, 284),
(285, 56504, 285),
(286, 56504, 286),
(287, 56504, 287),
(288, 56504, 288),
(289, 56504, 289),
(290, 56504, 290),
(291, 56504, 291),
(292, 56504, 292),
(293, 56504, 293),
(294, 56504, 294),
(295, 56504, 295),
(296, 56504, 296),
(297, 56504, 297),
(298, 56504, 298),
(299, 56504, 299),
(300, 56504, 300),
(301, 56504, 301),
(302, 56504, 302),
(303, 56504, 303),
(304, 56504, 304),
(305, 56504, 305),
(306, 56504, 306),
(307, 56504, 307),
(308, 56504, 308),
(309, 56504, 309),
(310, 56504, 310),
(311, 56504, 311),
(312, 56504, 312),
(313, 56504, 313),
(314, 56504, 314),
(315, 56504, 315),
(316, 56504, 316),
(317, 56504, 317),
(318, 56504, 318),
(319, 56504, 319),
(320, 56504, 320),
(321, 56504, 321),
(322, 56504, 322),
(323, 56504, 323),
(324, 56504, 324),
(325, 56504, 325),
(326, 56504, 326),
(327, 56504, 327),
(328, 56504, 328),
(329, 56504, 329),
(330, 56504, 330),
(331, 56504, 331),
(332, 56504, 332),
(333, 56504, 333),
(334, 56504, 334),
(335, 56504, 335),
(336, 56504, 336),
(337, 56504, 337),
(338, 56504, 338),
(339, 56504, 339),
(340, 56504, 340),
(341, 56504, 341),
(342, 56504, 342),
(343, 56504, 343),
(344, 56504, 344),
(345, 56504, 345),
(346, 56504, 346),
(347, 56504, 347),
(348, 56504, 348),
(349, 56504, 349),
(350, 56504, 350),
(351, 56504, 351),
(352, 56504, 352),
(353, 56504, 353),
(354, 56504, 354),
(355, 56504, 355),
(356, 56504, 356),
(357, 56504, 357),
(358, 56504, 358),
(359, 56504, 359),
(360, 56504, 360),
(361, 56504, 361),
(362, 56504, 362),
(363, 56504, 363),
(364, 56504, 364),
(365, 56504, 365),
(366, 56504, 366),
(367, 56504, 367),
(368, 56504, 368),
(369, 56504, 369),
(370, 56504, 370),
(371, 56504, 371),
(372, 56504, 372),
(373, 56504, 373),
(374, 56504, 374),
(375, 56504, 375),
(376, 56504, 376),
(377, 56504, 377),
(378, 56504, 378),
(379, 56504, 379),
(380, 56504, 380),
(381, 56504, 381),
(382, 56504, 382),
(383, 56504, 383),
(384, 56504, 384),
(385, 56504, 385),
(386, 56504, 386),
(387, 56504, 387),
(388, 56504, 388),
(389, 56504, 389),
(390, 56504, 390),
(391, 56504, 391),
(392, 56504, 392),
(393, 56504, 393),
(394, 56504, 394),
(395, 56504, 395),
(396, 56504, 396),
(397, 56504, 397),
(398, 56504, 398),
(399, 56504, 399),
(400, 56504, 400),
(401, 56504, 401),
(402, 56504, 402),
(403, 56504, 403),
(404, 56504, 404),
(405, 56504, 405),
(406, 56504, 406),
(407, 56504, 407),
(408, 56504, 408),
(409, 56504, 409),
(410, 56504, 410),
(411, 56504, 411),
(412, 56504, 412),
(413, 56504, 413),
(414, 56504, 414),
(415, 56504, 415),
(416, 56504, 416),
(417, 56504, 417),
(418, 56504, 418),
(419, 56504, 419),
(420, 56504, 420),
(421, 56504, 421),
(422, 56504, 422),
(423, 48467, 423),
(424, 48467, 424),
(425, 48467, 425),
(426, 4540, 426),
(427, 4540, 427),
(428, 4540, 428),
(429, 4540, 429),
(430, 65133, 430),
(431, 65133, 431),
(432, 65133, 432),
(433, 65133, 433),
(434, 65133, 434),
(435, 65133, 435),
(436, 45560, 436),
(437, 45560, 437),
(438, 45560, 438),
(439, 45560, 439),
(440, 45560, 440),
(441, 45560, 441),
(442, 45560, 442),
(443, 51984, 443),
(444, 51984, 444),
(445, 51984, 445),
(446, 51984, 446),
(447, 51984, 447),
(448, 51984, 448),
(449, 51984, 449),
(450, 51984, 450),
(451, 51984, 451),
(452, 51984, 452),
(453, 38031, 453),
(454, 44911, 454),
(455, 44911, 455),
(456, 44911, 456),
(457, 44911, 457),
(458, 44911, 458),
(459, 44911, 459),
(460, 44911, 460),
(461, 44911, 461),
(462, 44911, 462),
(463, 4177, 463),
(464, 4177, 464),
(465, 4177, 465),
(466, 4177, 466),
(467, 4177, 467),
(468, 4177, 468),
(469, 4177, 469),
(470, 4177, 470),
(471, 4177, 471),
(472, 4177, 472),
(473, 4177, 473),
(474, 4177, 474),
(475, 4177, 475),
(476, 4177, 476),
(477, 4177, 477),
(478, 4177, 478),
(479, 4177, 479),
(480, 4177, 480),
(481, 4177, 481),
(482, 4177, 482),
(483, 4177, 483),
(484, 4177, 484),
(485, 27785, 485),
(486, 27785, 486),
(487, 27785, 487),
(488, 27785, 488),
(489, 27785, 489),
(490, 61533, 490),
(491, 61533, 491),
(492, 61533, 492),
(493, 15127, 493),
(494, 15127, 494),
(495, 15127, 495),
(496, 15127, 496),
(497, 15127, 497),
(498, 15127, 498),
(499, 15127, 499),
(500, 15127, 500),
(501, 15127, 501),
(502, 15127, 502),
(503, 8833, 503),
(504, 8833, 504),
(505, 8833, 505),
(506, 8833, 506),
(507, 68735, 507),
(508, 68735, 508),
(509, 68735, 509),
(510, 68735, 510),
(511, 68735, 511),
(512, 68735, 512),
(513, 68735, 513),
(514, 55891, 514),
(515, 55891, 515),
(516, 51603, 516),
(517, 58348, 517),
(518, 58348, 518),
(519, 58348, 519),
(520, 58348, 520),
(521, 58348, 521),
(522, 58348, 522),
(523, 58348, 523),
(524, 58348, 524),
(525, 58348, 525),
(526, 58348, 526),
(527, 58348, 527),
(528, 58348, 528),
(529, 58348, 529),
(530, 58348, 530),
(531, 58348, 531),
(532, 58348, 532),
(533, 58348, 533),
(534, 58348, 534),
(535, 58348, 535),
(536, 58348, 536),
(537, 58348, 537),
(538, 58348, 538),
(539, 58348, 539),
(540, 58348, 540),
(541, 58348, 541),
(542, 58348, 542),
(543, 58348, 543),
(544, 58348, 544),
(545, 58348, 545),
(546, 58348, 546),
(547, 58348, 547),
(548, 58348, 548),
(549, 58348, 549),
(550, 58348, 550),
(551, 58348, 551),
(552, 58348, 552),
(553, 58348, 553),
(554, 58348, 554),
(555, 58348, 555),
(556, 58348, 556),
(557, 58348, 557),
(558, 58348, 558),
(559, 58348, 559),
(560, 58348, 560),
(561, 58348, 561),
(562, 58348, 562),
(563, 58348, 563),
(564, 58348, 564),
(565, 58348, 565),
(566, 44668, 566),
(567, 44668, 567),
(568, 48723, 568),
(569, 48723, 569),
(570, 48723, 570),
(571, 57324, 571),
(572, 16774, 572),
(573, 16774, 573),
(574, 16774, 574),
(575, 16774, 575),
(576, 16774, 576),
(577, 16774, 577),
(578, 16774, 578),
(579, 16774, 579),
(580, 16774, 580),
(581, 56526, 581),
(582, 56526, 582),
(583, 56526, 583),
(584, 56526, 584),
(585, 56526, 585),
(586, 56526, 586),
(587, 56526, 587),
(588, 56526, 588),
(589, 56526, 589),
(590, 56526, 590),
(591, 56526, 591),
(592, 56526, 592),
(593, 56526, 593),
(594, 56526, 594),
(595, 56526, 595),
(596, 56526, 596),
(597, 56526, 597),
(598, 56526, 598),
(599, 56526, 599),
(600, 56526, 600),
(601, 56526, 601),
(602, 56526, 602),
(603, 56526, 603),
(604, 56526, 604),
(605, 56526, 605),
(606, 56526, 606),
(607, 56526, 607),
(608, 56526, 608),
(609, 56526, 609),
(610, 56526, 610),
(611, 56526, 611),
(612, 56526, 612),
(613, 56526, 613),
(614, 56526, 614),
(615, 56526, 615),
(616, 56526, 616),
(617, 56526, 617),
(618, 56526, 618),
(619, 56526, 619),
(620, 56526, 620),
(621, 56526, 621),
(622, 56526, 622),
(623, 56526, 623),
(624, 56526, 624),
(625, 56526, 625),
(626, 56526, 626),
(627, 56526, 627),
(628, 56526, 628),
(629, 56526, 629),
(630, 56526, 630),
(631, 56526, 631),
(632, 56526, 632),
(633, 56526, 633),
(634, 56526, 634),
(635, 56526, 635),
(636, 56526, 636),
(637, 56526, 637),
(638, 56526, 638),
(639, 56526, 639),
(640, 56526, 640),
(641, 56526, 641),
(642, 56526, 642),
(643, 56526, 643),
(644, 56526, 644),
(645, 56526, 645),
(646, 56526, 646),
(647, 56526, 647),
(648, 56526, 648),
(649, 56526, 649),
(650, 56526, 650),
(651, 56526, 651),
(652, 56526, 652),
(653, 43816, 653),
(654, 43816, 654),
(655, 43816, 655),
(656, 43816, 656),
(657, 43816, 657),
(658, 43816, 658),
(659, 43816, 659),
(660, 43816, 660),
(661, 43816, 661),
(662, 43816, 662),
(663, 3885, 663),
(664, 41674, 664),
(665, 41674, 665),
(666, 10640, 666),
(667, 10640, 667),
(668, 10640, 668),
(669, 10640, 669),
(670, 10640, 670),
(671, 10640, 671),
(672, 10640, 672),
(673, 10640, 673),
(674, 36340, 674),
(675, 36340, 675),
(676, 44542, 676),
(677, 44542, 677),
(678, 44542, 678),
(679, 18203, 679),
(680, 7537, 680),
(681, 7537, 681),
(682, 7537, 682),
(683, 43875, 683),
(684, 43875, 684),
(685, 43875, 685),
(686, 33547, 686),
(687, 17851, 687),
(688, 17851, 688),
(689, 17851, 689),
(690, 17851, 690),
(691, 17851, 691),
(692, 17851, 692),
(693, 68625, 693),
(694, 43384, 694),
(695, 43384, 695);

-- --------------------------------------------------------

--
-- Table structure for table `Tweet`
--

CREATE TABLE IF NOT EXISTS `Tweet` (
  `TweetID` bigint(20) unsigned NOT NULL,
  `Timestamp` datetime NOT NULL DEFAULT '0000-00-00 00:00:00',
  `Text` varchar(255) DEFAULT NULL,
  `NumRetweets` bigint(20) unsigned DEFAULT NULL,
  `TwitterUserAccountID` bigint(20) unsigned DEFAULT NULL,
  PRIMARY KEY (`TweetID`)
) ENGINE=MyISAM DEFAULT CHARSET=utf8;

-- --------------------------------------------------------

--
-- Table structure for table `TweetToHashTagMapping`
--

CREATE TABLE IF NOT EXISTS `TweetToHashTagMapping` (
  `TweetToHashTagMappingID` bigint(20) unsigned NOT NULL AUTO_INCREMENT,
  `TweetID` bigint(20) unsigned NOT NULL,
  `HashTag` varchar(255) DEFAULT NULL,
  PRIMARY KEY (`TweetToHashTagMappingID`)
) ENGINE=MyISAM  DEFAULT CHARSET=utf8 AUTO_INCREMENT=4 ;

-- --------------------------------------------------------

--
-- Table structure for table `TweetToPlayerMentionMapping`
--

CREATE TABLE IF NOT EXISTS `TweetToPlayerMentionMapping` (
  `TweetToPlayerMentionMappingID` bigint(20) unsigned NOT NULL AUTO_INCREMENT,
  `TweetID` bigint(20) unsigned NOT NULL,
  `PlayerID` bigint(20) unsigned NOT NULL,
  PRIMARY KEY (`TweetToPlayerMentionMappingID`)
) ENGINE=MyISAM  DEFAULT CHARSET=utf8 AUTO_INCREMENT=21342134215 ;

-- --------------------------------------------------------

--
-- Table structure for table `TwitterUserAccount`
--

CREATE TABLE IF NOT EXISTS `TwitterUserAccount` (
  `TwitterUserAccountID` bigint(20) unsigned NOT NULL,
  `Name` varchar(255) DEFAULT NULL,
  `RegisteredSince` date NOT NULL DEFAULT '0000-00-00',
  `NumFollowers` bigint(20) unsigned NOT NULL,
  `UserName` bigint(20) unsigned DEFAULT NULL,
  PRIMARY KEY (`TwitterUserAccountID`)
) ENGINE=MyISAM DEFAULT CHARSET=utf8;

-- --------------------------------------------------------

--
-- Stand-in structure for view `Use_Case_1`
--
CREATE TABLE IF NOT EXISTS `Use_Case_1` (
`PlayerName` varchar(255)
);
-- --------------------------------------------------------

--
-- Stand-in structure for view `Use_Case_2`
--
CREATE TABLE IF NOT EXISTS `Use_Case_2` (
`PlayerName` varchar(255)
,`YearOfBirth` bigint(20) unsigned
);
-- --------------------------------------------------------

--
-- Stand-in structure for view `Use_Case_3`
--
CREATE TABLE IF NOT EXISTS `Use_Case_3` (
`COUNT(*)` bigint(21)
);
-- --------------------------------------------------------

--
-- Stand-in structure for view `Use_Case_4`
--
CREATE TABLE IF NOT EXISTS `Use_Case_4` (
`COUNT(*)` bigint(21)
);
-- --------------------------------------------------------

--
-- Stand-in structure for view `Use_Case_5`
--
CREATE TABLE IF NOT EXISTS `Use_Case_5` (
`PlayerName` varchar(255)
,`COUNT(Player.PlayerID)` bigint(21)
);
-- --------------------------------------------------------

--
-- Stand-in structure for view `Use_Case_6`
--
CREATE TABLE IF NOT EXISTS `Use_Case_6` (
`COUNT(*)` bigint(21)
);
-- --------------------------------------------------------

--
-- Stand-in structure for view `Use_Case_7`
--
CREATE TABLE IF NOT EXISTS `Use_Case_7` (
`PlayerName` varchar(255)
,`YearOfBirth` bigint(20) unsigned
);
-- --------------------------------------------------------

--
-- Stand-in structure for view `Use_Case_8`
--
CREATE TABLE IF NOT EXISTS `Use_Case_8` (
`COUNT(*)` bigint(21)
);
-- --------------------------------------------------------

--
-- Stand-in structure for view `Use_Case_9`
--
CREATE TABLE IF NOT EXISTS `Use_Case_9` (
`COUNT(*)` bigint(21)
);
-- --------------------------------------------------------

--
-- Stand-in structure for view `Use_Case_10`
--
CREATE TABLE IF NOT EXISTS `Use_Case_10` (
`PlayerName` varchar(255)
);
-- --------------------------------------------------------

--
-- Stand-in structure for view `Use_Case_11`
--
CREATE TABLE IF NOT EXISTS `Use_Case_11` (
`TwitterUserAccountID` bigint(20) unsigned
);
-- --------------------------------------------------------

--
-- Stand-in structure for view `Use_Case_12`
--
CREATE TABLE IF NOT EXISTS `Use_Case_12` (
`TimeStamp` datetime
);
-- --------------------------------------------------------

--
-- Stand-in structure for view `Use_Case_13`
--
CREATE TABLE IF NOT EXISTS `Use_Case_13` (
`Name` varchar(255)
);
-- --------------------------------------------------------

--
-- Stand-in structure for view `Use_Case_14`
--
CREATE TABLE IF NOT EXISTS `Use_Case_14` (
`COUNT(*)` bigint(21)
);
-- --------------------------------------------------------

--
-- Stand-in structure for view `Use_Case_15`
--
CREATE TABLE IF NOT EXISTS `Use_Case_15` (
`RegisteredSince` date
);
-- --------------------------------------------------------

--
-- Stand-in structure for view `Use_Case_16`
--
CREATE TABLE IF NOT EXISTS `Use_Case_16` (
`HashTag` varchar(255)
);
-- --------------------------------------------------------

--
-- Stand-in structure for view `Use_Case_17`
--
CREATE TABLE IF NOT EXISTS `Use_Case_17` (
`TweetID` bigint(20) unsigned
);
-- --------------------------------------------------------

--
-- Structure for view `Use_Case_1`
--
DROP TABLE IF EXISTS `Use_Case_1`;

CREATE ALGORITHM=UNDEFINED DEFINER=`dakodes`@`localhost` SQL SECURITY DEFINER VIEW `Use_Case_1` AS select `Player`.`PlayerName` AS `PlayerName` from (`Game` join `Player` on((`Game`.`WinnerPlayerID` = `Player`.`PlayerID`))) where (`Game`.`GameID` = 44);

-- --------------------------------------------------------

--
-- Structure for view `Use_Case_2`
--
DROP TABLE IF EXISTS `Use_Case_2`;

CREATE ALGORITHM=UNDEFINED DEFINER=`dakodes`@`localhost` SQL SECURITY DEFINER VIEW `Use_Case_2` AS select `Player`.`PlayerName` AS `PlayerName`,`Player`.`YearOfBirth` AS `YearOfBirth` from `Player` where (`Player`.`ELORating` = (select max(`Player`.`ELORating`) from `Player`));

-- --------------------------------------------------------

--
-- Structure for view `Use_Case_3`
--
DROP TABLE IF EXISTS `Use_Case_3`;

CREATE ALGORITHM=UNDEFINED DEFINER=`dakodes`@`localhost` SQL SECURITY DEFINER VIEW `Use_Case_3` AS select count(0) AS `COUNT(*)` from (`Tournament` join `TournamentToGameMapping` on((`Tournament`.`TournamentID` = `TournamentToGameMapping`.`TournamentID`))) where (`Tournament`.`TournamentName` = 'Mikhail Tal Memorial');

-- --------------------------------------------------------

--
-- Structure for view `Use_Case_4`
--
DROP TABLE IF EXISTS `Use_Case_4`;

CREATE ALGORITHM=UNDEFINED DEFINER=`dakodes`@`localhost` SQL SECURITY DEFINER VIEW `Use_Case_4` AS select count(0) AS `COUNT(*)` from (`Player` join `GameToPlayerMapping` on((`Player`.`PlayerID` = `GameToPlayerMapping`.`PlayerID`))) where (`Player`.`PlayerName` = 'Magnus Carlsen');

-- --------------------------------------------------------

--
-- Structure for view `Use_Case_5`
--
DROP TABLE IF EXISTS `Use_Case_5`;

CREATE ALGORITHM=UNDEFINED DEFINER=`dakodes`@`localhost` SQL SECURITY DEFINER VIEW `Use_Case_5` AS select `Player`.`PlayerName` AS `PlayerName`,count(`Player`.`PlayerID`) AS `COUNT(Player.PlayerID)` from (`Player` join `GameToPlayerMapping` on((`Player`.`PlayerID` = `GameToPlayerMapping`.`PlayerID`))) group by `Player`.`PlayerID` order by count(`Player`.`PlayerID`) desc limit 0,1;

-- --------------------------------------------------------

--
-- Structure for view `Use_Case_6`
--
DROP TABLE IF EXISTS `Use_Case_6`;

CREATE ALGORITHM=UNDEFINED DEFINER=`dakodes`@`localhost` SQL SECURITY DEFINER VIEW `Use_Case_6` AS select count(0) AS `COUNT(*)` from `Player` where (`Player`.`ELORating` > 2700);

-- --------------------------------------------------------

--
-- Structure for view `Use_Case_7`
--
DROP TABLE IF EXISTS `Use_Case_7`;

CREATE ALGORITHM=UNDEFINED DEFINER=`dakodes`@`localhost` SQL SECURITY DEFINER VIEW `Use_Case_7` AS select `Player`.`PlayerName` AS `PlayerName`,`Player`.`YearOfBirth` AS `YearOfBirth` from `Player` where (`Player`.`Title` = 'GM') group by `Player`.`PlayerID` order by `Player`.`YearOfBirth` desc limit 0,5;

-- --------------------------------------------------------

--
-- Structure for view `Use_Case_8`
--
DROP TABLE IF EXISTS `Use_Case_8`;

CREATE ALGORITHM=UNDEFINED DEFINER=`dakodes`@`localhost` SQL SECURITY DEFINER VIEW `Use_Case_8` AS select count(0) AS `COUNT(*)` from (`Game` join `Player` on((`Game`.`WinnerPlayerID` = `Player`.`PlayerID`))) where (`Player`.`PlayerName` = 'Magnus Carlsen');

-- --------------------------------------------------------

--
-- Structure for view `Use_Case_9`
--
DROP TABLE IF EXISTS `Use_Case_9`;

CREATE ALGORITHM=UNDEFINED DEFINER=`dakodes`@`localhost` SQL SECURITY DEFINER VIEW `Use_Case_9` AS select count(0) AS `COUNT(*)` from `ChessFan` where (`ChessFan`.`TwitterUserAccountID` <> 0);

-- --------------------------------------------------------

--
-- Structure for view `Use_Case_10`
--
DROP TABLE IF EXISTS `Use_Case_10`;

CREATE ALGORITHM=UNDEFINED DEFINER=`dakodes`@`localhost` SQL SECURITY DEFINER VIEW `Use_Case_10` AS select `Player`.`PlayerName` AS `PlayerName` from (`TweetToPlayerMentionMapping` join `Player` on((`TweetToPlayerMentionMapping`.`PlayerID` = `Player`.`PlayerID`))) group by `Player`.`PlayerID`;

-- --------------------------------------------------------

--
-- Structure for view `Use_Case_11`
--
DROP TABLE IF EXISTS `Use_Case_11`;

CREATE ALGORITHM=UNDEFINED DEFINER=`dakodes`@`localhost` SQL SECURITY DEFINER VIEW `Use_Case_11` AS select `Tweet`.`TwitterUserAccountID` AS `TwitterUserAccountID` from `Tweet` where (`Tweet`.`TweetID` = 42);

-- --------------------------------------------------------

--
-- Structure for view `Use_Case_12`
--
DROP TABLE IF EXISTS `Use_Case_12`;

CREATE ALGORITHM=UNDEFINED DEFINER=`dakodes`@`localhost` SQL SECURITY DEFINER VIEW `Use_Case_12` AS select `Tweet`.`Timestamp` AS `TimeStamp` from `Tweet` where (`Tweet`.`TweetID` = 42);

-- --------------------------------------------------------

--
-- Structure for view `Use_Case_13`
--
DROP TABLE IF EXISTS `Use_Case_13`;

CREATE ALGORITHM=UNDEFINED DEFINER=`dakodes`@`localhost` SQL SECURITY DEFINER VIEW `Use_Case_13` AS select `TwitterUserAccount`.`Name` AS `Name` from (`TwitterUserAccount` join `Tweet` on((`TwitterUserAccount`.`TwitterUserAccountID` = `Tweet`.`TwitterUserAccountID`))) where (`Tweet`.`Timestamp` > (now() - interval 1 day)) group by `TwitterUserAccount`.`Name`;

-- --------------------------------------------------------

--
-- Structure for view `Use_Case_14`
--
DROP TABLE IF EXISTS `Use_Case_14`;

CREATE ALGORITHM=UNDEFINED DEFINER=`dakodes`@`localhost` SQL SECURITY DEFINER VIEW `Use_Case_14` AS select count(0) AS `COUNT(*)` from (`TwitterUserAccount` join `Tweet` on((`TwitterUserAccount`.`TwitterUserAccountID` = `Tweet`.`TwitterUserAccountID`))) where (`Tweet`.`Timestamp` > (now() - interval 1 day)) group by `TwitterUserAccount`.`Name`;

-- --------------------------------------------------------

--
-- Structure for view `Use_Case_15`
--
DROP TABLE IF EXISTS `Use_Case_15`;

CREATE ALGORITHM=UNDEFINED DEFINER=`dakodes`@`localhost` SQL SECURITY DEFINER VIEW `Use_Case_15` AS select `TwitterUserAccount`.`RegisteredSince` AS `RegisteredSince` from `TwitterUserAccount` where (`TwitterUserAccount`.`TwitterUserAccountID` = 42);

-- --------------------------------------------------------

--
-- Structure for view `Use_Case_16`
--
DROP TABLE IF EXISTS `Use_Case_16`;

CREATE ALGORITHM=UNDEFINED DEFINER=`dakodes`@`localhost` SQL SECURITY DEFINER VIEW `Use_Case_16` AS select `TweetToHashTagMapping`.`HashTag` AS `HashTag` from `TweetToHashTagMapping` group by `TweetToHashTagMapping`.`HashTag` having (count(`TweetToHashTagMapping`.`HashTag`) >= 1000);

-- --------------------------------------------------------

--
-- Structure for view `Use_Case_17`
--
DROP TABLE IF EXISTS `Use_Case_17`;

CREATE ALGORITHM=UNDEFINED DEFINER=`dakodes`@`localhost` SQL SECURITY DEFINER VIEW `Use_Case_17` AS select `Tweet`.`TweetID` AS `TweetID` from `Tweet` where (`Tweet`.`NumRetweets` >= 100);

/*!40101 SET CHARACTER_SET_CLIENT=@OLD_CHARACTER_SET_CLIENT */;
/*!40101 SET CHARACTER_SET_RESULTS=@OLD_CHARACTER_SET_RESULTS */;
/*!40101 SET COLLATION_CONNECTION=@OLD_COLLATION_CONNECTION */;
