CREATE DATABASE  IF NOT EXISTS `proj` /*!40100 DEFAULT CHARACTER SET utf8mb4 COLLATE utf8mb4_0900_ai_ci */;
USE `proj`;
-- MySQL dump 10.13  Distrib 8.0.15, for Win64 (x86_64)
--
-- Host: localhost    Database: proj
-- ------------------------------------------------------
-- Server version	8.0.15

/*!40101 SET @OLD_CHARACTER_SET_CLIENT=@@CHARACTER_SET_CLIENT */;
/*!40101 SET @OLD_CHARACTER_SET_RESULTS=@@CHARACTER_SET_RESULTS */;
/*!40101 SET @OLD_COLLATION_CONNECTION=@@COLLATION_CONNECTION */;
 SET NAMES utf8 ;
/*!40103 SET @OLD_TIME_ZONE=@@TIME_ZONE */;
/*!40103 SET TIME_ZONE='+00:00' */;
/*!40014 SET @OLD_UNIQUE_CHECKS=@@UNIQUE_CHECKS, UNIQUE_CHECKS=0 */;
/*!40014 SET @OLD_FOREIGN_KEY_CHECKS=@@FOREIGN_KEY_CHECKS, FOREIGN_KEY_CHECKS=0 */;
/*!40101 SET @OLD_SQL_MODE=@@SQL_MODE, SQL_MODE='NO_AUTO_VALUE_ON_ZERO' */;
/*!40111 SET @OLD_SQL_NOTES=@@SQL_NOTES, SQL_NOTES=0 */;

--
-- Dumping data for table `a10001`
--

LOCK TABLES `a10001` WRITE;
/*!40000 ALTER TABLE `a10001` DISABLE KEYS */;
INSERT INTO `a10001` VALUES ('registered',1191396480,1,1,5),('casual',981601856,0.823908642066829,2,5),('hr',307487392,0.25808989464195803,3,5),('workingday',86338992,0.072468731819654,4,5),('dteday',36148732,0.030341479605513002,5,5),('instant',30986518,0.026008569372305,6,5),('atemp',26250434,0.022033331842645002,7,5),('temp',24253822,0.020357473273716002,8,5),('yr',2992835.75,0.002512040114471,9,5),('season',1974824.625,0.0016575713107690002,10,5),('hum',1771373.375,0.001486804271068,11,5),('mnth',1641412.75,0.00137772167163,12,5),('weekday',862785.1875,0.00072417973528,13,5),('weathersit',477448,0.00040074652562300004,14,5),('windspeed',140997.15625,0.00011834612458300001,15,5),('holiday',122894.03125,0.00010315124588000001,16,5);
/*!40000 ALTER TABLE `a10001` ENABLE KEYS */;
UNLOCK TABLES;

--
-- Dumping data for table `a10002`
--

LOCK TABLES `a10002` WRITE;
/*!40000 ALTER TABLE `a10002` DISABLE KEYS */;
INSERT INTO `a10002` VALUES (-28.9024709383948,189.46308763450153,6,1,NULL),(4.69252713516861,0.8064118000535001,6,2,NULL),(1.003627490697193,49.48388392610694,6,3,NULL),(0.00000000002109070545818099,0.38280105406784304,6,4,NULL),(-0.42204010084117105,-0.070550450102402,6,5,NULL),(0.254451217693344,1.7593787961151182,6,6,NULL),(-4.916196250005459,-0.9484809267342781,6,7,NULL),(0.00007893290280699376,0.396008701872875,6,8,NULL),(-0.08848850614264701,-0.30429212586937004,6,9,NULL),(0.9589464264146541,145.1435284376927,6,10,NULL),(0.66223900838308,0.7330443710293391,6,11,NULL),(2.709203810661154,0.5216737774558781,6,12,NULL),(-0.239489670411643,-0.153119367928783,6,13,NULL),(0.037458194390231,0.075132577105382,6,14,NULL),(1.485525223457228,0.181739495388403,6,15,NULL),(1.688033547733252,0.785662523531055,6,16,NULL),(1.472062502562456,0.7360427761925471,6,17,NULL),(NULL,NULL,NULL,18,'registered'),(NULL,NULL,NULL,19,'casual'),(NULL,NULL,NULL,20,'hr'),(NULL,NULL,NULL,21,'workingday'),(NULL,NULL,NULL,22,'instant'),(NULL,NULL,NULL,23,'dteday'),(NULL,NULL,NULL,24,'weekday'),(NULL,NULL,NULL,25,'temp'),(NULL,NULL,NULL,26,'atemp'),(NULL,NULL,NULL,27,'season'),(NULL,NULL,NULL,28,'hum'),(NULL,NULL,NULL,29,'windspeed'),(NULL,NULL,NULL,30,'mnth'),(NULL,NULL,NULL,31,'weathersit'),(NULL,NULL,NULL,32,'yr'),(NULL,NULL,NULL,33,'holiday');
/*!40000 ALTER TABLE `a10002` ENABLE KEYS */;
UNLOCK TABLES;

--
-- Dumping data for table `a13501`
--

LOCK TABLES `a13501` WRITE;
/*!40000 ALTER TABLE `a13501` DISABLE KEYS */;
INSERT INTO `a13501` VALUES ('registered',678269568,1,10,1),('casual',32358656,0.047707663039365,10,2),('hum',20196.494140625,0.00002977650051465231,10,3),('hr',13816.9111328125,0.00002037082567857813,10,4),('windspeed',12464.333984375,0.000018376666995584562,10,5),('instant',11009.4853515625,0.000016231725365515002,10,6),('temp',9785.625,0.000014427339013387662,10,7),('weekday',5785.75390625,0.000008530168798978167,10,8),('dteday',5766.01025390625,0.000008501059941268441,10,9),('atemp',5713.9638671875,0.000008424325868011668,10,10),('mnth',3607.502685546875,0.000005318685749361049,10,11),('weathersit',1763.8193359375,0.000002600469517065964,10,12),('season',1067.4595947265625,0.0000015737984498908881,10,13),('workingday',697.4269409179688,0.000001028244482462124,10,14),('holiday',573.4053344726562,0.0000008453944589662854,10,15),('yr',396.6659851074219,0.0000005848205548673855,10,16);
/*!40000 ALTER TABLE `a13501` ENABLE KEYS */;
UNLOCK TABLES;

--
-- Dumping data for table `a13502`
--

LOCK TABLES `a13502` WRITE;
/*!40000 ALTER TABLE `a13502` DISABLE KEYS */;
INSERT INTO `a13502` VALUES (-28.9024709383948,189.46308763450153,1,11,NULL),(4.69252713516861,0.8064118000535001,2,11,NULL),(1.003627490697193,49.48388392610694,3,11,NULL),(0.00000000002109070545818099,0.38280105406784304,4,11,NULL),(-0.42204010084117105,-0.070550450102402,5,11,NULL),(0.254451217693344,1.7593787961151182,6,11,NULL),(-4.916196250005459,-0.9484809267342781,7,11,NULL),(0.00007893290280699376,0.396008701872875,8,11,NULL),(-0.08848850614264701,-0.30429212586937004,9,11,NULL),(0.9589464264146541,145.1435284376927,10,11,NULL),(0.66223900838308,0.7330443710293391,11,11,NULL),(2.709203810661154,0.5216737774558781,12,11,NULL),(-0.239489670411643,-0.153119367928783,13,11,NULL),(0.037458194390231,0.075132577105382,14,11,NULL),(1.485525223457228,0.181739495388403,15,11,NULL),(1.688033547733252,0.785662523531055,16,11,NULL),(1.472062502562456,0.7360427761925471,17,11,NULL),(NULL,NULL,18,NULL,'registered'),(NULL,NULL,19,NULL,'casual'),(NULL,NULL,20,NULL,'hr'),(NULL,NULL,21,NULL,'workingday'),(NULL,NULL,22,NULL,'instant'),(NULL,NULL,23,NULL,'dteday'),(NULL,NULL,24,NULL,'weekday'),(NULL,NULL,25,NULL,'temp'),(NULL,NULL,26,NULL,'atemp'),(NULL,NULL,27,NULL,'season'),(NULL,NULL,28,NULL,'hum'),(NULL,NULL,29,NULL,'windspeed'),(NULL,NULL,30,NULL,'mnth'),(NULL,NULL,31,NULL,'weathersit'),(NULL,NULL,32,NULL,'yr'),(NULL,NULL,33,NULL,'holiday');
/*!40000 ALTER TABLE `a13502` ENABLE KEYS */;
UNLOCK TABLES;

--
-- Dumping data for table `a15001`
--

LOCK TABLES `a15001` WRITE;
/*!40000 ALTER TABLE `a15001` DISABLE KEYS */;
INSERT INTO `a15001` VALUES ('registered',2129569408,1,1,15),('casual',492110048,0.23108429626727603,2,15),('hr',98242480,0.046132556013877,3,15),('workingday',24185610,0.011357042371637,4,15),('instant',11018767,0.005174176036999,5,15),('dteday',8303802.5,0.003899287090059,6,15),('weekday',3605843.75,0.0016932266853820002,7,15),('temp',1920932.125,0.000902028418413,8,15),('atemp',1081656.375,0.000507922573895,9,15),('season',463430.46875,0.00021761698257300003,10,15),('hum',252676.796875,0.00011865159028100001,11,15),('windspeed',129954.6640625,0.000061023915714749045,12,15),('mnth',101009.46875,0.00004743187442989414,13,15),('weathersit',55453.77734375,0.00002603990136946501,14,15),('yr',39535.0859375,0.000018564826198658462,15,15),('holiday',20151.583984375,0.000009462750501896297,16,15);
/*!40000 ALTER TABLE `a15001` ENABLE KEYS */;
UNLOCK TABLES;

--
-- Dumping data for table `a15002`
--

LOCK TABLES `a15002` WRITE;
/*!40000 ALTER TABLE `a15002` DISABLE KEYS */;
INSERT INTO `a15002` VALUES (-28.9024709383948,189.46308763450153,18,1,NULL),(4.69252713516861,0.8064118000535001,18,2,NULL),(1.003627490697193,49.48388392610694,18,3,NULL),(0.00000000002109070545818099,0.38280105406784304,18,4,NULL),(-0.42204010084117105,-0.070550450102402,18,5,NULL),(0.254451217693344,1.7593787961151182,18,6,NULL),(-4.916196250005459,-0.9484809267342781,18,7,NULL),(0.00007893290280699376,0.396008701872875,18,8,NULL),(-0.08848850614264701,-0.30429212586937004,18,9,NULL),(0.9589464264146541,145.1435284376927,18,10,NULL),(0.66223900838308,0.7330443710293391,18,11,NULL),(2.709203810661154,0.5216737774558781,18,12,NULL),(-0.239489670411643,-0.153119367928783,18,13,NULL),(0.037458194390231,0.075132577105382,18,14,NULL),(1.485525223457228,0.181739495388403,18,15,NULL),(1.688033547733252,0.785662523531055,18,16,NULL),(1.472062502562456,0.7360427761925471,18,17,NULL),(NULL,NULL,NULL,18,'registered'),(NULL,NULL,NULL,19,'casual'),(NULL,NULL,NULL,20,'hr'),(NULL,NULL,NULL,21,'workingday'),(NULL,NULL,NULL,22,'instant'),(NULL,NULL,NULL,23,'dteday'),(NULL,NULL,NULL,24,'weekday'),(NULL,NULL,NULL,25,'temp'),(NULL,NULL,NULL,26,'atemp'),(NULL,NULL,NULL,27,'season'),(NULL,NULL,NULL,28,'hum'),(NULL,NULL,NULL,29,'windspeed'),(NULL,NULL,NULL,30,'mnth'),(NULL,NULL,NULL,31,'weathersit'),(NULL,NULL,NULL,32,'yr'),(NULL,NULL,NULL,33,'holiday');
/*!40000 ALTER TABLE `a15002` ENABLE KEYS */;
UNLOCK TABLES;

--
-- Dumping data for table `a18501`
--

LOCK TABLES `a18501` WRITE;
/*!40000 ALTER TABLE `a18501` DISABLE KEYS */;
INSERT INTO `a18501` VALUES ('registered',2181104640,1,23,1),('casual',219111376,0.10045890141245101,23,2),('hr',28077928,0.012873260404415,23,3),('dteday',6276365,0.0028776083847120004,23,4),('instant',5762839,0.002642165302073,23,5),('atemp',5206911,0.0023872816115780003,23,6),('temp',2177827.25,0.0009984973714970001,23,7),('workingday',1433882.875,0.000657411317505,23,8),('weekday',275229.46875,0.000126188108402,23,9),('hum',193893.9375,0.00008889712760411166,23,10),('mnth',156540.6875,0.00007177128718592795,23,11),('windspeed',83515.4375,0.000038290431356837606,23,12),('yr',19031.66796875,0.000008725701472419958,23,13),('weathersit',16709.21484375,0.000007660895556001383,23,14),('season',13307.7744140625,0.000006101392005686852,23,15),('holiday',8350.271484375,0.000003828459823172444,23,16);
/*!40000 ALTER TABLE `a18501` ENABLE KEYS */;
UNLOCK TABLES;

--
-- Dumping data for table `a18502`
--

LOCK TABLES `a18502` WRITE;
/*!40000 ALTER TABLE `a18502` DISABLE KEYS */;
INSERT INTO `a18502` VALUES (-28.9024709383948,189.46308763450153,1,25,NULL),(4.69252713516861,0.8064118000535001,2,25,NULL),(1.003627490697193,49.48388392610694,3,25,NULL),(0.00000000002109070545818099,0.38280105406784304,4,25,NULL),(-0.42204010084117105,-0.070550450102402,5,25,NULL),(0.254451217693344,1.7593787961151182,6,25,NULL),(-4.916196250005459,-0.9484809267342781,7,25,NULL),(0.00007893290280699376,0.396008701872875,8,25,NULL),(-0.08848850614264701,-0.30429212586937004,9,25,NULL),(0.9589464264146541,145.1435284376927,10,25,NULL),(0.66223900838308,0.7330443710293391,11,25,NULL),(2.709203810661154,0.5216737774558781,12,25,NULL),(-0.239489670411643,-0.153119367928783,13,25,NULL),(0.037458194390231,0.075132577105382,14,25,NULL),(1.485525223457228,0.181739495388403,15,25,NULL),(1.688033547733252,0.785662523531055,16,25,NULL),(1.472062502562456,0.7360427761925471,17,25,NULL),(NULL,NULL,18,NULL,'registered'),(NULL,NULL,19,NULL,'casual'),(NULL,NULL,20,NULL,'hr'),(NULL,NULL,21,NULL,'workingday'),(NULL,NULL,22,NULL,'instant'),(NULL,NULL,23,NULL,'dteday'),(NULL,NULL,24,NULL,'weekday'),(NULL,NULL,25,NULL,'temp'),(NULL,NULL,26,NULL,'atemp'),(NULL,NULL,27,NULL,'season'),(NULL,NULL,28,NULL,'hum'),(NULL,NULL,29,NULL,'windspeed'),(NULL,NULL,30,NULL,'mnth'),(NULL,NULL,31,NULL,'weathersit'),(NULL,NULL,32,NULL,'yr'),(NULL,NULL,33,NULL,'holiday');
/*!40000 ALTER TABLE `a18502` ENABLE KEYS */;
UNLOCK TABLES;

--
-- Dumping data for table `a5001`
--

LOCK TABLES `a5001` WRITE;
/*!40000 ALTER TABLE `a5001` DISABLE KEYS */;
INSERT INTO `a5001` VALUES (189.2079142693101,189.46308763450142,3,1,NULL),(0.023994973852039,0.0041235414306370006,3,2,NULL),(0.000144889008338,0.007143756958864001,3,3,NULL),(0.0000000000001573959658473219,0.002856772228498,3,4,NULL),(-0.0019030323292290002,-0.00031812092528400005,3,5,NULL),(0.0005862222952260001,0.004053378425072,3,6,NULL),(-0.017215142993129002,-0.003321314681033,3,7,NULL),(0.0000005707305278193135,0.002863371894399,3,8,NULL),(0.000360774601049,0.0012406229362260002,3,9,NULL),(0.00006606064502766573,0.009998759937022001,3,10,NULL),(0.001654440382318,0.0018313300698230002,3,11,NULL),(0.021621248350879002,0.004163303719022,3,12,NULL),(-0.002291313759046,-0.0014649672109390002,3,13,NULL),(0.000137945734216,0.000276687616184,3,14,NULL),(0.007838622552966001,0.0009589788748250001,3,15,NULL),(0.000669264478604,0.000311496190272,3,16,NULL),(0.005152484490083001,0.0025762825843110002,3,17,NULL),(NULL,NULL,NULL,18,'registered'),(NULL,NULL,NULL,19,'casual'),(NULL,NULL,NULL,20,'hr'),(NULL,NULL,NULL,21,'workingday'),(NULL,NULL,NULL,22,'instant'),(NULL,NULL,NULL,23,'dteday'),(NULL,NULL,NULL,24,'weekday'),(NULL,NULL,NULL,25,'temp'),(NULL,NULL,NULL,26,'atemp'),(NULL,NULL,NULL,27,'season'),(NULL,NULL,NULL,28,'hum'),(NULL,NULL,NULL,29,'windspeed'),(NULL,NULL,NULL,30,'mnth'),(NULL,NULL,NULL,31,'weathersit'),(NULL,NULL,NULL,32,'yr'),(NULL,NULL,NULL,33,'holiday');
/*!40000 ALTER TABLE `a5001` ENABLE KEYS */;
UNLOCK TABLES;

--
-- Dumping data for table `algo`
--

LOCK TABLES `algo` WRITE;
/*!40000 ALTER TABLE `algo` DISABLE KEYS */;
INSERT INTO `algo` VALUES (1,'GBM'),(2,'GLM'),(3,'Deeplearning'),(4,'drf'),(5,'stackedensemble'),(6,'xrt'),(7,'xgboost');
/*!40000 ALTER TABLE `algo` ENABLE KEYS */;
UNLOCK TABLES;

--
-- Dumping data for table `data_des`
--

LOCK TABLES `data_des` WRITE;
/*!40000 ALTER TABLE `data_des` DISABLE KEYS */;
INSERT INTO `data_des` VALUES (1,1,'instant','int',17379),(2,1,'dteday','datetime',17379),(3,1,'season','int',17379),(4,1,'yr','int',17379),(5,1,'month','int',17379),(6,1,'hr','int',17379),(7,1,'holiday','int',17379),(8,1,'weekday','int',17379),(9,1,'workingday','int',17379),(10,1,'weathersit','int',17379),(11,1,'temp','float',17379),(12,1,'atemp','float',17379),(13,1,'hum','float',17379),(14,1,'windspeed','float',17379),(15,1,'casual','int',17379),(16,1,'registered','int',17379),(17,1,'cnt','int',17379);
/*!40000 ALTER TABLE `data_des` ENABLE KEYS */;
UNLOCK TABLES;

--
-- Dumping data for table `dataset`
--

LOCK TABLES `dataset` WRITE;
/*!40000 ALTER TABLE `dataset` DISABLE KEYS */;
INSERT INTO `dataset` VALUES (1,'hour','csv',17,17379),(2,'hour','csv',17,17379);
/*!40000 ALTER TABLE `dataset` ENABLE KEYS */;
UNLOCK TABLES;

--
-- Dumping data for table `hp_deeplearning`
--

LOCK TABLES `hp_deeplearning` WRITE;
/*!40000 ALTER TABLE `hp_deeplearning` DISABLE KEYS */;
INSERT INTO `hp_deeplearning` VALUES (5,0.005,'Automatic','','automl_training_hour2.hex',323,1),(5,0.005,'Automatic','','automl_training_hour3.hex',324,2),(5,0.005,'Automatic','','automl_training_hour2.hex',325,3),(5,0.005,'Automatic','','automl_training_hour3.hex',326,4),(5,0.005,'Automatic','','automl_training_hour4.hex',327,5),(5,0.005,'Automatic','','automl_training_hour2.hex',328,6),(5,0.005,'Automatic','','automl_training_hour4.hex',329,7),(5,0.005,'Automatic','','automl_training_hour4.hex',330,8),(5,0.005,'Automatic','','automl_training_hour3.hex',331,9),(5,0.005,'Automatic','','automl_training_hour4.hex',332,10),(5,0.005,'Automatic','','automl_training_hour6.hex',333,11),(5,0.005,'Automatic','','automl_training_hour2.hex',334,12),(5,0.005,'Automatic','','automl_training_hour6.hex',335,13),(5,0.005,'Automatic','','automl_training_hour6.hex',336,14),(5,0.005,'Automatic','','automl_training_hour6.hex',337,15);
/*!40000 ALTER TABLE `hp_deeplearning` ENABLE KEYS */;
UNLOCK TABLES;

--
-- Dumping data for table `hp_drf`
--

LOCK TABLES `hp_drf` WRITE;
/*!40000 ALTER TABLE `hp_drf` DISABLE KEYS */;
INSERT INTO `hp_drf` VALUES ('','automl_training_hour.hex',5,10,20,0,316,1),('','automl_training_hour.hex',5,5,20,0,317,2),('','automl_training_hour.hex',5,5,20,0,318,3),('','automl_training_hour.hex',5,5,20,0,319,4),('','automl_training_hour.hex',5,5,20,0,320,5);
/*!40000 ALTER TABLE `hp_drf` ENABLE KEYS */;
UNLOCK TABLES;

--
-- Dumping data for table `hp_gbm`
--

LOCK TABLES `hp_gbm` WRITE;
/*!40000 ALTER TABLE `hp_gbm` DISABLE KEYS */;
INSERT INTO `hp_gbm` VALUES (5,3,15,100,0.1,'','automl_training_hour.hex',189,1),(5,126,15,100,0.1,'','automl_training_hour2.hex',190,2),(5,126,15,100,0.1,'','automl_training_hour2.hex',191,3),(5,126,15,100,0.1,'','automl_training_hour2.hex',192,4),(5,126,15,100,0.1,'','automl_training_hour2.hex',193,5),(5,3,15,100,0.1,'','automl_training_hour.hex',194,6),(5,126,15,100,0.1,'','automl_training_hour2.hex',195,7),(5,126,15,100,0.1,'','automl_training_hour2.hex',196,8),(5,221,15,100,0.1,'','automl_training_hour3.hex',197,9),(5,221,15,100,0.1,'','automl_training_hour3.hex',198,10),(5,126,15,100,0.1,'','automl_training_hour2.hex',199,11),(5,126,15,100,0.1,'','automl_training_hour2.hex',200,12),(5,221,15,100,0.1,'','automl_training_hour3.hex',201,13),(5,221,15,100,0.1,'','automl_training_hour3.hex',202,14),(5,126,15,100,0.1,'','automl_training_hour2.hex',203,15),(5,130,3,10,0.05,'','automl_training_hour3.hex',204,16),(5,8,5,15,0.5,'','automl_training_hour3.hex',205,17),(5,1,4,30,0.5,'','automl_training_hour3.hex',206,18),(5,3,15,100,0.1,'','automl_training_hour.hex',207,19),(5,221,15,100,0.1,'','automl_training_hour3.hex',208,20),(5,126,15,100,0.1,'','automl_training_hour2.hex',209,21),(5,217,15,100,0.1,'','automl_training_hour4.hex',210,22),(5,217,15,100,0.1,'','automl_training_hour4.hex',211,23),(5,221,15,100,0.1,'','automl_training_hour3.hex',212,24),(5,217,15,100,0.1,'','automl_training_hour4.hex',213,25),(5,217,15,100,0.1,'','automl_training_hour4.hex',214,26),(5,221,15,100,0.1,'','automl_training_hour3.hex',215,27),(5,9,10,5,0.5,'','automl_training_hour4.hex',216,28),(5,126,15,100,0.1,'','automl_training_hour2.hex',217,29),(5,126,15,100,0.1,'','automl_training_hour2.hex',218,30),(5,221,15,100,0.1,'','automl_training_hour3.hex',219,31),(5,126,15,100,0.1,'','automl_training_hour2.hex',220,32),(5,126,15,100,0.1,'','automl_training_hour2.hex',221,33),(5,376,3,30,0.08,'','automl_training_hour4.hex',222,34),(5,221,15,100,0.1,'','automl_training_hour3.hex',223,35),(5,130,3,10,0.05,'','automl_training_hour3.hex',224,36),(5,8,5,15,0.5,'','automl_training_hour3.hex',225,37),(5,1,4,30,0.5,'','automl_training_hour3.hex',226,38),(5,3,15,100,0.1,'','automl_training_hour.hex',227,39),(5,1,15,5,0.05,'','automl_training_hour4.hex',228,40),(5,217,15,100,0.1,'','automl_training_hour4.hex',229,41),(5,221,15,100,0.1,'','automl_training_hour3.hex',230,42),(5,126,15,100,0.1,'','automl_training_hour2.hex',231,43),(5,217,15,100,0.1,'','automl_training_hour4.hex',232,44),(5,126,15,100,0.1,'','automl_training_hour2.hex',233,45),(5,892,3,1,0.08,'','automl_training_hour6.hex',234,46),(5,221,15,100,0.1,'','automl_training_hour3.hex',235,47),(5,217,15,100,0.1,'','automl_training_hour4.hex',236,48),(5,239,15,100,0.1,'','automl_training_hour6.hex',237,49),(5,217,15,100,0.1,'','automl_training_hour4.hex',238,50),(5,217,15,100,0.1,'','automl_training_hour4.hex',239,51),(5,239,15,100,0.1,'','automl_training_hour6.hex',240,52),(5,221,15,100,0.1,'','automl_training_hour3.hex',241,53),(5,9,10,5,0.5,'','automl_training_hour4.hex',242,54),(5,126,15,100,0.1,'','automl_training_hour2.hex',243,55),(5,239,15,100,0.1,'','automl_training_hour6.hex',244,56),(5,126,15,100,0.1,'','automl_training_hour2.hex',245,57),(5,221,15,100,0.1,'','automl_training_hour3.hex',246,58),(5,126,15,100,0.1,'','automl_training_hour2.hex',247,59),(5,126,15,100,0.1,'','automl_training_hour2.hex',248,60),(5,376,3,30,0.08,'','automl_training_hour4.hex',249,61),(5,239,15,100,0.1,'','automl_training_hour6.hex',250,62),(5,221,15,100,0.1,'','automl_training_hour3.hex',251,63),(5,422,16,15,0.05,'','automl_training_hour6.hex',252,64),(5,130,3,10,0.05,'','automl_training_hour3.hex',253,65),(5,31,17,100,0.08,'','automl_training_hour6.hex',254,66),(5,8,5,15,0.5,'','automl_training_hour3.hex',255,67),(5,194,16,100,0.005,'','automl_training_hour6.hex',256,68),(5,814,12,30,0.001,'','automl_training_hour6.hex',257,69),(5,239,15,100,0.1,'','automl_training_hour6.hex',258,70),(5,8,7,100,0.08,'','automl_training_hour6.hex',259,71),(5,1,4,30,0.5,'','automl_training_hour3.hex',260,72),(5,3,15,100,0.1,'','automl_training_hour.hex',261,73),(5,1,15,5,0.05,'','automl_training_hour4.hex',262,74),(5,217,15,100,0.1,'','automl_training_hour4.hex',263,75),(5,221,15,100,0.1,'','automl_training_hour3.hex',264,76);
/*!40000 ALTER TABLE `hp_gbm` ENABLE KEYS */;
UNLOCK TABLES;

--
-- Dumping data for table `hp_glm`
--

LOCK TABLES `hp_glm` WRITE;
/*!40000 ALTER TABLE `hp_glm` DISABLE KEYS */;
INSERT INTO `hp_glm` VALUES (5,300,'TRUE','[0.0, 0.2, 0.4, 0.6000000000000001, 0.8, 1.0]','[17632.594052322154, 10950.13963598844, 6800.222230027118]','','automl_training_hour1.hex',158,1),(5,300,'TRUE','[0.0, 0.2, 0.4, 0.6000000000000001, 0.8, 1.0]','[17632.594052322154, 10950.13963598844, 6800.222230027118]','','automl_training_hour.hex',159,2),(5,300,'TRUE','[0.0, 0.2, 0.4, 0.6000000000000001, 0.8, 1.0]','[17632.594052322154, 10950.13963598844, 6800.222230027118, 4223.053213474455, 2622.5875920772382, 1628.6713262745604, 1011.4324863895012, 628.1167096273864, 390.07111816378944, 242.24077292229845, 150.43562400165396, 93.42307116905594, 58.01730995952483, 36.02973240783895, 22.375074237087432, 13.895300177312702, 8.629216822780007, 5.358889842202057, 3.327961381738074, 2.066720400020194, 1.2834683825654452, 0.7970556099553011, 0.4949850374119541, 0.307394094215652, 0.190896940345331, 0.118550234109713, 0.073621703847342, 0.045720325380123, 0.028393096649851, 0.017632594052322002]','','automl_training_hour.hex',160,3),(5,300,'TRUE','[0.0, 0.2, 0.4, 0.6000000000000001, 0.8, 1.0]','[17632.594052322154, 10950.13963598844, 6800.222230027118, 4223.053213474455, 2622.5875920772382, 1628.6713262745604, 1011.4324863895012, 628.1167096273864, 390.07111816378944, 242.24077292229845, 150.43562400165396, 93.42307116905594, 58.01730995952483, 36.02973240783895, 22.375074237087432, 13.895300177312702, 8.629216822780007, 5.358889842202057, 3.327961381738074, 2.066720400020194, 1.2834683825654452, 0.7970556099553011, 0.4949850374119541, 0.307394094215652, 0.190896940345331, 0.118550234109713, 0.073621703847342, 0.045720325380123, 0.028393096649851, 0.017632594052322002]','','automl_training_hour2.hex',161,4),(5,300,'TRUE','[0.0, 0.2, 0.4, 0.6000000000000001, 0.8, 1.0]','[17632.594052322154, 10950.13963598844, 6800.222230027118, 4223.053213474455, 2622.5875920772382, 1628.6713262745604, 1011.4324863895012, 628.1167096273864, 390.07111816378944, 242.24077292229845, 150.43562400165396, 93.42307116905594, 58.01730995952483, 36.02973240783895, 22.375074237087432, 13.895300177312702, 8.629216822780007, 5.358889842202057, 3.327961381738074, 2.066720400020194, 1.2834683825654452, 0.7970556099553011, 0.4949850374119541, 0.307394094215652, 0.190896940345331, 0.118550234109713, 0.073621703847342, 0.045720325380123, 0.028393096649851, 0.017632594052322002]','','automl_training_hour.hex',162,5),(5,300,'TRUE','[0.0, 0.2, 0.4, 0.6000000000000001, 0.8, 1.0]','[17632.594052322154, 10950.13963598844, 6800.222230027118]','','automl_training_hour1.hex',163,6),(5,300,'TRUE','[0.0, 0.2, 0.4, 0.6000000000000001, 0.8, 1.0]','[17632.594052322154, 10950.13963598844, 6800.222230027118]','','automl_training_hour.hex',164,7),(5,300,'TRUE','[0.0, 0.2, 0.4, 0.6000000000000001, 0.8, 1.0]','[17632.594052322154, 10950.13963598844, 6800.222230027118, 4223.053213474455, 2622.5875920772382, 1628.6713262745604, 1011.4324863895012, 628.1167096273864, 390.07111816378944, 242.24077292229845, 150.43562400165396, 93.42307116905594, 58.01730995952483, 36.02973240783895, 22.375074237087432, 13.895300177312702, 8.629216822780007, 5.358889842202057, 3.327961381738074, 2.066720400020194, 1.2834683825654452, 0.7970556099553011, 0.4949850374119541, 0.307394094215652, 0.190896940345331, 0.118550234109713, 0.073621703847342, 0.045720325380123, 0.028393096649851, 0.017632594052322002]','','automl_training_hour2.hex',165,8),(5,300,'TRUE','[0.0, 0.2, 0.4, 0.6000000000000001, 0.8, 1.0]','[17632.594052322154, 10950.13963598844, 6800.222230027118, 4223.053213474455, 2622.5875920772382, 1628.6713262745604, 1011.4324863895012, 628.1167096273864, 390.07111816378944, 242.24077292229845, 150.43562400165396, 93.42307116905594, 58.01730995952483, 36.02973240783895, 22.375074237087432, 13.895300177312702, 8.629216822780007, 5.358889842202057, 3.327961381738074, 2.066720400020194, 1.2834683825654452, 0.7970556099553011, 0.4949850374119541, 0.307394094215652, 0.190896940345331, 0.118550234109713, 0.073621703847342, 0.045720325380123, 0.028393096649851, 0.017632594052322002]','','automl_training_hour3.hex',166,9),(5,300,'TRUE','[0.0, 0.2, 0.4, 0.6000000000000001, 0.8, 1.0]','[17632.594052322154, 10950.13963598844, 6800.222230027118, 4223.053213474455, 2622.5875920772382, 1628.6713262745604, 1011.4324863895012, 628.1167096273864, 390.07111816378944, 242.24077292229845, 150.43562400165396, 93.42307116905594, 58.01730995952483, 36.02973240783895, 22.375074237087432, 13.895300177312702, 8.629216822780007, 5.358889842202057, 3.327961381738074, 2.066720400020194, 1.2834683825654452, 0.7970556099553011, 0.4949850374119541, 0.307394094215652, 0.190896940345331, 0.118550234109713, 0.073621703847342, 0.045720325380123, 0.028393096649851, 0.017632594052322002]','','automl_training_hour.hex',167,10),(5,300,'TRUE','[0.0, 0.2, 0.4, 0.6000000000000001, 0.8, 1.0]','[17632.594052322154, 10950.13963598844, 6800.222230027118]','','automl_training_hour1.hex',168,11),(5,300,'TRUE','[0.0, 0.2, 0.4, 0.6000000000000001, 0.8, 1.0]','[17632.594052322154, 10950.13963598844, 6800.222230027118]','','automl_training_hour.hex',169,12),(5,300,'TRUE','[0.0, 0.2, 0.4, 0.6000000000000001, 0.8, 1.0]','[17632.594052322154, 10950.13963598844, 6800.222230027118, 4223.053213474455, 2622.5875920772382, 1628.6713262745604, 1011.4324863895012, 628.1167096273864, 390.07111816378944, 242.24077292229845, 150.43562400165396, 93.42307116905594, 58.01730995952483, 36.02973240783895, 22.375074237087432, 13.895300177312702, 8.629216822780007, 5.358889842202057, 3.327961381738074, 2.066720400020194, 1.2834683825654452, 0.7970556099553011, 0.4949850374119541, 0.307394094215652, 0.190896940345331, 0.118550234109713, 0.073621703847342, 0.045720325380123, 0.028393096649851, 0.017632594052322002]','','automl_training_hour2.hex',170,13),(5,300,'TRUE','[0.0, 0.2, 0.4, 0.6000000000000001, 0.8, 1.0]','[17632.594052322154, 10950.13963598844, 6800.222230027118, 4223.053213474455, 2622.5875920772382, 1628.6713262745604, 1011.4324863895012, 628.1167096273864, 390.07111816378944, 242.24077292229845, 150.43562400165396, 93.42307116905594, 58.01730995952483, 36.02973240783895, 22.375074237087432, 13.895300177312702, 8.629216822780007, 5.358889842202057, 3.327961381738074, 2.066720400020194, 1.2834683825654452, 0.7970556099553011, 0.4949850374119541, 0.307394094215652, 0.190896940345331, 0.118550234109713, 0.073621703847342, 0.045720325380123, 0.028393096649851, 0.017632594052322002]','','automl_training_hour3.hex',171,14),(5,300,'TRUE','[0.0, 0.2, 0.4, 0.6000000000000001, 0.8, 1.0]','[17632.594052322154, 10950.13963598844, 6800.222230027118, 4223.053213474455, 2622.5875920772382, 1628.6713262745604, 1011.4324863895012, 628.1167096273864, 390.07111816378944, 242.24077292229845, 150.43562400165396, 93.42307116905594, 58.01730995952483, 36.02973240783895, 22.375074237087432, 13.895300177312702, 8.629216822780007, 5.358889842202057, 3.327961381738074, 2.066720400020194, 1.2834683825654452, 0.7970556099553011, 0.4949850374119541, 0.307394094215652, 0.190896940345331, 0.118550234109713, 0.073621703847342, 0.045720325380123, 0.028393096649851, 0.017632594052322002]','','automl_training_hour.hex',172,15),(5,300,'TRUE','[0.0, 0.2, 0.4, 0.6000000000000001, 0.8, 1.0]','[17632.594052322154, 10950.13963598844, 6800.222230027118, 4223.053213474455, 2622.5875920772382, 1628.6713262745604, 1011.4324863895012, 628.1167096273864, 390.07111816378944, 242.24077292229845, 150.43562400165396, 93.42307116905594, 58.01730995952483, 36.02973240783895, 22.375074237087432, 13.895300177312702, 8.629216822780007, 5.358889842202057, 3.327961381738074, 2.066720400020194, 1.2834683825654452, 0.7970556099553011, 0.4949850374119541, 0.307394094215652, 0.190896940345331, 0.118550234109713, 0.073621703847342, 0.045720325380123, 0.028393096649851, 0.017632594052322002]','','automl_training_hour4.hex',173,16),(5,300,'TRUE','[0.0, 0.2, 0.4, 0.6000000000000001, 0.8, 1.0]','[17632.594052322154, 10950.13963598844, 6800.222230027118]','','automl_training_hour.hex',174,17),(5,300,'TRUE','[0.0, 0.2, 0.4, 0.6000000000000001, 0.8, 1.0]','[17632.594052322154, 10950.13963598844, 6800.222230027118]','','automl_training_hour1.hex',175,18),(5,300,'TRUE','[0.0, 0.2, 0.4, 0.6000000000000001, 0.8, 1.0]','[17632.594052322154, 10950.13963598844, 6800.222230027118, 4223.053213474455, 2622.5875920772382, 1628.6713262745604, 1011.4324863895012, 628.1167096273864, 390.07111816378944, 242.24077292229845, 150.43562400165396, 93.42307116905594, 58.01730995952483, 36.02973240783895, 22.375074237087432, 13.895300177312702, 8.629216822780007, 5.358889842202057, 3.327961381738074, 2.066720400020194, 1.2834683825654452, 0.7970556099553011, 0.4949850374119541, 0.307394094215652, 0.190896940345331, 0.118550234109713, 0.073621703847342, 0.045720325380123, 0.028393096649851, 0.017632594052322002]','','automl_training_hour6.hex',176,19),(5,300,'TRUE','[0.0, 0.2, 0.4, 0.6000000000000001, 0.8, 1.0]','[17632.594052322154, 10950.13963598844, 6800.222230027118, 4223.053213474455, 2622.5875920772382, 1628.6713262745604, 1011.4324863895012, 628.1167096273864, 390.07111816378944, 242.24077292229845, 150.43562400165396, 93.42307116905594, 58.01730995952483, 36.02973240783895, 22.375074237087432, 13.895300177312702, 8.629216822780007, 5.358889842202057, 3.327961381738074, 2.066720400020194, 1.2834683825654452, 0.7970556099553011, 0.4949850374119541, 0.307394094215652, 0.190896940345331, 0.118550234109713, 0.073621703847342, 0.045720325380123, 0.028393096649851, 0.017632594052322002]','','automl_training_hour2.hex',177,20),(5,300,'TRUE','[0.0, 0.2, 0.4, 0.6000000000000001, 0.8, 1.0]','[17632.594052322154, 10950.13963598844, 6800.222230027118, 4223.053213474455, 2622.5875920772382, 1628.6713262745604, 1011.4324863895012, 628.1167096273864, 390.07111816378944, 242.24077292229845, 150.43562400165396, 93.42307116905594, 58.01730995952483, 36.02973240783895, 22.375074237087432, 13.895300177312702, 8.629216822780007, 5.358889842202057, 3.327961381738074, 2.066720400020194, 1.2834683825654452, 0.7970556099553011, 0.4949850374119541, 0.307394094215652, 0.190896940345331, 0.118550234109713, 0.073621703847342, 0.045720325380123, 0.028393096649851, 0.017632594052322002]','','automl_training_hour3.hex',178,21),(5,300,'TRUE','[0.0, 0.2, 0.4, 0.6000000000000001, 0.8, 1.0]','[17632.594052322154, 10950.13963598844, 6800.222230027118, 4223.053213474455, 2622.5875920772382, 1628.6713262745604, 1011.4324863895012, 628.1167096273864, 390.07111816378944, 242.24077292229845, 150.43562400165396, 93.42307116905594, 58.01730995952483, 36.02973240783895, 22.375074237087432, 13.895300177312702, 8.629216822780007, 5.358889842202057, 3.327961381738074, 2.066720400020194, 1.2834683825654452, 0.7970556099553011, 0.4949850374119541, 0.307394094215652, 0.190896940345331, 0.118550234109713, 0.073621703847342, 0.045720325380123, 0.028393096649851, 0.017632594052322002]','','automl_training_hour.hex',179,22),(5,300,'TRUE','[0.0, 0.2, 0.4, 0.6000000000000001, 0.8, 1.0]','[17632.594052322154, 10950.13963598844, 6800.222230027118, 4223.053213474455, 2622.5875920772382, 1628.6713262745604, 1011.4324863895012, 628.1167096273864, 390.07111816378944, 242.24077292229845, 150.43562400165396, 93.42307116905594, 58.01730995952483, 36.02973240783895, 22.375074237087432, 13.895300177312702, 8.629216822780007, 5.358889842202057, 3.327961381738074, 2.066720400020194, 1.2834683825654452, 0.7970556099553011, 0.4949850374119541, 0.307394094215652, 0.190896940345331, 0.118550234109713, 0.073621703847342, 0.045720325380123, 0.028393096649851, 0.017632594052322002]','','automl_training_hour4.hex',180,23),(5,300,'TRUE','[0.0, 0.2, 0.4, 0.6000000000000001, 0.8, 1.0]','[17632.594052322154, 10950.13963598844, 6800.222230027118]','','automl_training_hour.hex',181,24),(5,300,'TRUE','[0.0, 0.2, 0.4, 0.6000000000000001, 0.8, 1.0]','[17632.594052322154, 10950.13963598844, 6800.222230027118]','','automl_training_hour1.hex',182,25);
/*!40000 ALTER TABLE `hp_glm` ENABLE KEYS */;
UNLOCK TABLES;

--
-- Dumping data for table `hp_stackedensemble`
--

LOCK TABLES `hp_stackedensemble` WRITE;
/*!40000 ALTER TABLE `hp_stackedensemble` DISABLE KEYS */;
INSERT INTO `hp_stackedensemble` VALUES (5,-2.48576e18,'TRUE','','','automl_training_hour.hex',143,1),(5,-6.29169e18,'TRUE','','','automl_training_hour.hex',144,2),(5,-2.48576e18,'TRUE','','','automl_training_hour.hex',145,3),(5,-6.29169e18,'TRUE','','','automl_training_hour.hex',146,4),(5,-2.48576e18,'TRUE','','','automl_training_hour.hex',147,5),(5,-6.29169e18,'TRUE','','','automl_training_hour.hex',148,6),(5,-2.48576e18,'TRUE','','','automl_training_hour.hex',149,7),(5,-6.29169e18,'TRUE','','','automl_training_hour.hex',150,8),(5,-2.48576e18,'TRUE','','','automl_training_hour.hex',151,9),(5,-6.29169e18,'TRUE','','','automl_training_hour.hex',152,10);
/*!40000 ALTER TABLE `hp_stackedensemble` ENABLE KEYS */;
UNLOCK TABLES;

--
-- Dumping data for table `hp_xgboost`
--

LOCK TABLES `hp_xgboost` WRITE;
/*!40000 ALTER TABLE `hp_xgboost` DISABLE KEYS */;
INSERT INTO `hp_xgboost` VALUES (5,83,5,0,'gbtree',0,'','automl_training_hour1.hex',16,1),(5,83,5,0,'gbtree',0,'','automl_training_hour1.hex',17,2),(5,83,5,0,'gbtree',0,'','automl_training_hour1.hex',18,3),(5,154,5,0,'gbtree',0,'','automl_training_hour.hex',19,4),(5,154,5,0,'gbtree',0,'','automl_training_hour.hex',20,5),(5,154,5,0,'gbtree',0,'','automl_training_hour.hex',21,6),(5,147,5,0,'gbtree',0,'','automl_training_hour.hex',22,7),(5,147,5,0,'gbtree',0,'','automl_training_hour.hex',23,8),(5,147,5,0,'gbtree',0,'','automl_training_hour.hex',24,9),(5,154,5,0,'gbtree',0,'','automl_training_hour.hex',25,10),(5,147,5,0,'gbtree',0,'','automl_training_hour.hex',26,11),(5,147,5,0,'gbtree',0,'','automl_training_hour.hex',27,12),(5,298,5,0,'gbtree',0,'','automl_training_hour2.hex',28,13),(5,147,5,0,'gbtree',0,'','automl_training_hour.hex',29,14),(5,83,5,0,'gbtree',0,'','automl_training_hour1.hex',30,15),(5,83,5,0,'gbtree',0,'','automl_training_hour1.hex',31,16),(5,298,5,0,'gbtree',0,'','automl_training_hour2.hex',32,17),(5,83,5,0,'gbtree',0,'','automl_training_hour1.hex',33,18),(5,154,5,0,'gbtree',0,'','automl_training_hour.hex',34,19),(5,154,5,0,'gbtree',0,'','automl_training_hour.hex',35,20),(5,298,5,0,'gbtree',0,'','automl_training_hour2.hex',36,21),(5,154,5,0,'gbtree',0,'','automl_training_hour.hex',37,22),(5,302,5,0,'gbtree',0,'','automl_training_hour3.hex',38,23),(5,298,5,0,'gbtree',0,'','automl_training_hour2.hex',39,24),(5,154,5,0,'gbtree',0,'','automl_training_hour.hex',40,25),(5,147,5,0,'gbtree',0,'','automl_training_hour.hex',41,26),(5,302,5,0,'gbtree',0,'','automl_training_hour3.hex',42,27),(5,147,5,0,'gbtree',0,'','automl_training_hour.hex',43,28),(5,302,5,0,'gbtree',0,'','automl_training_hour3.hex',44,29),(5,298,5,0,'gbtree',0,'','automl_training_hour2.hex',45,30),(5,147,5,0,'gbtree',0,'','automl_training_hour.hex',46,31),(5,83,5,0,'gbtree',0,'','automl_training_hour1.hex',47,32),(5,53,15,0,'gbtree',1,'','automl_training_hour3.hex',48,33),(5,2,15,0,'gbtree',1,'','automl_training_hour3.hex',49,34),(5,83,5,0,'gbtree',0,'','automl_training_hour1.hex',50,35),(5,298,5,0,'gbtree',0,'','automl_training_hour2.hex',51,36),(5,83,5,0,'gbtree',0,'','automl_training_hour1.hex',52,37),(5,154,5,0,'gbtree',0,'','automl_training_hour.hex',53,38),(5,83,5,0,'gbtree',0,'','automl_training_hour1.hex',54,39),(5,298,5,0,'gbtree',0,'','automl_training_hour2.hex',55,40),(5,83,5,0,'gbtree',0,'','automl_training_hour1.hex',56,41),(5,154,5,0,'gbtree',0,'','automl_training_hour.hex',57,42),(5,154,5,0,'gbtree',0,'','automl_training_hour.hex',58,43),(5,302,5,0,'gbtree',0,'','automl_training_hour3.hex',59,44),(5,298,5,0,'gbtree',0,'','automl_training_hour2.hex',60,45),(5,303,5,0,'gbtree',0,'','automl_training_hour4.hex',61,46),(5,154,5,0,'gbtree',0,'','automl_training_hour.hex',62,47),(5,147,5,0,'gbtree',0,'','automl_training_hour.hex',63,48),(5,302,5,0,'gbtree',0,'','automl_training_hour3.hex',64,49),(5,303,5,0,'gbtree',0,'','automl_training_hour4.hex',65,50),(5,147,5,0,'gbtree',0,'','automl_training_hour.hex',66,51),(5,303,5,0,'gbtree',0,'','automl_training_hour4.hex',67,52),(5,302,5,0,'gbtree',0,'','automl_training_hour3.hex',68,53),(5,298,5,0,'gbtree',0,'','automl_training_hour2.hex',69,54),(5,147,5,0,'gbtree',0,'','automl_training_hour.hex',70,55),(5,83,5,0,'gbtree',0,'','automl_training_hour1.hex',71,56),(5,66,15,0,'gbtree',1,'','automl_training_hour4.hex',72,57),(5,53,15,0,'gbtree',1,'','automl_training_hour3.hex',73,58),(5,2,15,0,'gbtree',1,'','automl_training_hour3.hex',74,59),(5,83,5,0,'gbtree',0,'','automl_training_hour1.hex',75,60),(5,309,5,0,'gbtree',0,'','automl_training_hour6.hex',76,61),(5,298,5,0,'gbtree',0,'','automl_training_hour2.hex',77,62),(5,83,5,0,'gbtree',0,'','automl_training_hour1.hex',78,63),(5,154,5,0,'gbtree',0,'','automl_training_hour.hex',79,64),(5,154,5,0,'gbtree',0,'','automl_training_hour.hex',80,65),(5,461,5,0,'gbtree',0,'','automl_training_hour6.hex',81,66),(5,302,5,0,'gbtree',0,'','automl_training_hour3.hex',82,67),(5,298,5,0,'gbtree',0,'','automl_training_hour2.hex',83,68),(5,309,5,0,'gbtree',0,'','automl_training_hour6.hex',84,69),(5,303,5,0,'gbtree',0,'','automl_training_hour4.hex',85,70),(5,154,5,0,'gbtree',0,'','automl_training_hour.hex',86,71),(5,147,5,0,'gbtree',0,'','automl_training_hour.hex',87,72),(5,302,5,0,'gbtree',0,'','automl_training_hour3.hex',88,73),(5,303,5,0,'gbtree',0,'','automl_training_hour4.hex',89,74),(5,147,5,0,'gbtree',0,'','automl_training_hour.hex',90,75),(5,123,15,0,'dart',0,'','automl_training_hour6.hex',91,76),(5,303,5,0,'gbtree',0,'','automl_training_hour4.hex',92,77),(5,309,5,0,'gbtree',0,'','automl_training_hour6.hex',93,78),(5,302,5,0,'gbtree',0,'','automl_training_hour3.hex',94,79),(5,298,5,0,'gbtree',0,'','automl_training_hour2.hex',95,80),(5,147,5,0,'gbtree',0,'','automl_training_hour.hex',96,81),(5,83,5,0,'gbtree',0,'','automl_training_hour1.hex',97,82),(5,66,15,0,'gbtree',1,'','automl_training_hour4.hex',98,83),(5,57,20,0,'dart',1,'','automl_training_hour6.hex',99,84),(5,53,15,0,'gbtree',1,'','automl_training_hour3.hex',100,85),(5,19,20,0,'gbtree',0,'','automl_training_hour6.hex',101,86),(5,2,15,0,'gbtree',1,'','automl_training_hour3.hex',102,87);
/*!40000 ALTER TABLE `hp_xgboost` ENABLE KEYS */;
UNLOCK TABLES;

--
-- Dumping data for table `hp_xrt`
--

LOCK TABLES `hp_xrt` WRITE;
/*!40000 ALTER TABLE `hp_xrt` DISABLE KEYS */;
INSERT INTO `hp_xrt` VALUES (5,3,'','','FALSE',1,1),(5,47,'','','FALSE',2,2),(5,3,'','','FALSE',3,3),(5,47,'','','FALSE',4,4),(5,42,'','','FALSE',5,5),(5,3,'','','FALSE',6,6),(5,47,'','','FALSE',7,7),(5,50,'','','FALSE',8,8),(5,42,'','','FALSE',9,9),(5,3,'','','FALSE',10,10);
/*!40000 ALTER TABLE `hp_xrt` ENABLE KEYS */;
UNLOCK TABLES;

--
-- Dumping data for table `leaderboard`
--

LOCK TABLES `leaderboard` WRITE;
/*!40000 ALTER TABLE `leaderboard` DISABLE KEYS */;
INSERT INTO `leaderboard` VALUES (30.08188881,5.484695872,30.08188881,3.441766759,'',1,1),(1172.243936,34.23804808,1172.243936,26.70817095,'0.768004253',2,2),(32892.82683,181.3637969,32892.82683,142.3844962,'1.5701068',3,3),(19.21410107,4.383389221,19.21410107,2.634751122,'0.05488778',4,4),(25.3320404,5.033094515,25.3320404,3.227131049,'',5,5),(38.38704879,6.19572827,38.38704879,4.451968585,'',6,6),(46.67514781,6.831921239,46.67514781,3.714253768,'0.080410929',7,7),(7.951520168,2.819843997,7.951520168,2.230612386,'',8,8),(13.32667673,3.65057211,13.32667673,2.338232495,'0.0575832',9,9),(14.94002679,3.865233083,14.94002679,2.114443947,'0.021938528',10,10),(38.38704879,6.19572827,38.38704879,4.451968585,'',11,11),(45.77857444,6.765986583,45.77857444,3.693848428,'0.081094113',12,12),(46.09548751,6.789365767,46.09548751,3.715292164,'0.081631219',13,13),(53.88784237,7.340833902,53.88784237,5.305090014,'0.295866982',14,14),(10.91180847,3.303302662,10.91180847,1.963185807,'0.036821059',15,15),(13.2845915,3.644803355,13.2845915,2.595907421,'',16,16),(18.04153256,4.247532526,18.04153256,2.759228963,'0.06964228',17,17),(38.38704879,6.19572827,38.38704879,4.451968585,'',18,18),(46.39432537,6.811338002,46.39432537,3.713882383,'0.075127417',19,19),(46.92930205,6.850496482,46.92930205,3.689561285,'0.076821612',20,20),(55.17981108,7.428311456,55.17981108,5.340441965,'0.298495973',21,21),(9.182908979,3.030331496,9.182908979,1.991912493,'0.122465528',22,22),(13.17219466,3.629351824,13.17219466,2.229135166,'0.136600168',23,23),(16.93628453,4.115371737,16.93628453,2.439536252,'',24,24),(38.38704879,6.19572827,38.38704879,4.451968585,'',25,25),(44.29738345,6.655627953,44.29738345,3.650059734,'0.075223911',26,26),(47.04611134,6.859016791,47.04611134,3.77573942,'0.082593067',27,27),(54.51011841,7.383096804,54.51011841,5.315295041,'0.296083369',28,28);
/*!40000 ALTER TABLE `leaderboard` ENABLE KEYS */;
UNLOCK TABLES;

--
-- Dumping data for table `meta_model_erros`
--

LOCK TABLES `meta_model_erros` WRITE;
/*!40000 ALTER TABLE `meta_model_erros` DISABLE KEYS */;
INSERT INTO `meta_model_erros` VALUES (1,5,1000),(2,3,500),(3,6,1000),(4,10,1350),(5,11,1350),(6,15,1500),(7,18,1500),(8,23,1850),(9,25,1850);
/*!40000 ALTER TABLE `meta_model_erros` ENABLE KEYS */;
UNLOCK TABLES;

--
-- Dumping data for table `model_meta`
--

LOCK TABLES `model_meta` WRITE;
/*!40000 ALTER TABLE `model_meta` DISABLE KEYS */;
INSERT INTO `model_meta` VALUES (1,1,'2019-04-19 00:00:00',1000),(2,2,'2019-04-19 00:00:00',1350),(3,1,'2019-04-19 00:00:00',1350),(4,2,'2019-04-19 00:00:00',1500),(5,3,'2019-04-19 00:00:00',1500),(6,1,'2019-04-19 00:00:00',1500),(7,2,'2019-04-19 00:00:00',1850),(8,4,'2019-04-19 00:00:00',1850),(9,3,'2019-04-19 00:00:00',1850),(10,1,'2019-04-19 00:00:00',1850),(16,8,'2019-04-19 00:00:00',500),(17,9,'2019-04-19 00:00:00',500),(18,10,'2019-04-19 00:00:00',500),(19,11,'2019-04-19 00:00:00',500),(20,12,'2019-04-19 00:00:00',500),(21,13,'2019-04-19 00:00:00',500),(22,14,'2019-04-19 00:00:00',500),(23,15,'2019-04-19 00:00:00',500),(24,16,'2019-04-19 00:00:00',500),(25,13,'2019-04-19 00:00:00',1000),(26,14,'2019-04-19 00:00:00',1000),(27,15,'2019-04-19 00:00:00',1000),(28,17,'2019-04-19 00:00:00',1000),(29,16,'2019-04-19 00:00:00',1000),(30,9,'2019-04-19 00:00:00',1000),(31,8,'2019-04-19 00:00:00',1000),(32,18,'2019-04-19 00:00:00',1000),(33,10,'2019-04-19 00:00:00',1000),(34,11,'2019-04-19 00:00:00',1000),(35,12,'2019-04-19 00:00:00',1000),(36,19,'2019-04-19 00:00:00',1000),(37,12,'2019-04-19 00:00:00',1350),(38,20,'2019-04-19 00:00:00',1350),(39,19,'2019-04-19 00:00:00',1350),(40,13,'2019-04-19 00:00:00',1350),(41,14,'2019-04-19 00:00:00',1350),(42,21,'2019-04-19 00:00:00',1350),(43,15,'2019-04-19 00:00:00',1350),(44,22,'2019-04-19 00:00:00',1350),(45,17,'2019-04-19 00:00:00',1350),(46,16,'2019-04-19 00:00:00',1350),(47,9,'2019-04-19 00:00:00',1350),(48,23,'2019-04-19 00:00:00',1350),(49,24,'2019-04-19 00:00:00',1350),(50,8,'2019-04-19 00:00:00',1350),(51,18,'2019-04-19 00:00:00',1350),(52,10,'2019-04-19 00:00:00',1350),(53,11,'2019-04-19 00:00:00',1350),(54,8,'2019-04-19 00:00:00',1500),(55,18,'2019-04-19 00:00:00',1500),(56,10,'2019-04-19 00:00:00',1500),(57,11,'2019-04-19 00:00:00',1500),(58,12,'2019-04-19 00:00:00',1500),(59,20,'2019-04-19 00:00:00',1500),(60,19,'2019-04-19 00:00:00',1500),(61,25,'2019-04-19 00:00:00',1500),(62,13,'2019-04-19 00:00:00',1500),(63,14,'2019-04-19 00:00:00',1500),(64,21,'2019-04-19 00:00:00',1500),(65,26,'2019-04-19 00:00:00',1500),(66,15,'2019-04-19 00:00:00',1500),(67,27,'2019-04-19 00:00:00',1500),(68,22,'2019-04-19 00:00:00',1500),(69,17,'2019-04-19 00:00:00',1500),(70,16,'2019-04-19 00:00:00',1500),(71,9,'2019-04-19 00:00:00',1500),(72,28,'2019-04-19 00:00:00',1500),(73,23,'2019-04-19 00:00:00',1500),(74,24,'2019-04-19 00:00:00',1500),(75,8,'2019-04-19 00:00:00',1850),(76,29,'2019-04-19 00:00:00',1850),(77,18,'2019-04-19 00:00:00',1850),(78,10,'2019-04-19 00:00:00',1850),(79,11,'2019-04-19 00:00:00',1850),(80,12,'2019-04-19 00:00:00',1850),(81,30,'2019-04-19 00:00:00',1850),(82,20,'2019-04-19 00:00:00',1850),(83,19,'2019-04-19 00:00:00',1850),(84,31,'2019-04-19 00:00:00',1850),(85,25,'2019-04-19 00:00:00',1850),(86,13,'2019-04-19 00:00:00',1850),(87,14,'2019-04-19 00:00:00',1850),(88,21,'2019-04-19 00:00:00',1850),(89,26,'2019-04-19 00:00:00',1850),(90,15,'2019-04-19 00:00:00',1850),(91,32,'2019-04-19 00:00:00',1850),(92,27,'2019-04-19 00:00:00',1850),(93,33,'2019-04-19 00:00:00',1850),(94,22,'2019-04-19 00:00:00',1850),(95,17,'2019-04-19 00:00:00',1850),(96,16,'2019-04-19 00:00:00',1850),(97,9,'2019-04-19 00:00:00',1850),(98,28,'2019-04-19 00:00:00',1850),(99,34,'2019-04-19 00:00:00',1850),(100,23,'2019-04-19 00:00:00',1850),(101,35,'2019-04-19 00:00:00',1850),(102,24,'2019-04-19 00:00:00',1850),(143,39,'2019-04-19 00:00:00',500),(144,40,'2019-04-19 00:00:00',500),(145,39,'2019-04-19 00:00:00',1000),(146,40,'2019-04-19 00:00:00',1000),(147,39,'2019-04-19 00:00:00',1350),(148,40,'2019-04-19 00:00:00',1350),(149,39,'2019-04-19 00:00:00',1500),(150,40,'2019-04-19 00:00:00',1500),(151,39,'2019-04-19 00:00:00',1850),(152,40,'2019-04-19 00:00:00',1850),(158,42,'2019-04-19 00:00:00',500),(159,43,'2019-04-19 00:00:00',500),(160,44,'2019-04-19 00:00:00',500),(161,45,'2019-04-19 00:00:00',1000),(162,44,'2019-04-19 00:00:00',1000),(163,42,'2019-04-19 00:00:00',1000),(164,43,'2019-04-19 00:00:00',1000),(165,45,'2019-04-19 00:00:00',1350),(166,46,'2019-04-19 00:00:00',1350),(167,44,'2019-04-19 00:00:00',1350),(168,42,'2019-04-19 00:00:00',1350),(169,43,'2019-04-19 00:00:00',1350),(170,45,'2019-04-19 00:00:00',1500),(171,46,'2019-04-19 00:00:00',1500),(172,44,'2019-04-19 00:00:00',1500),(173,47,'2019-04-19 00:00:00',1500),(174,43,'2019-04-19 00:00:00',1500),(175,42,'2019-04-19 00:00:00',1500),(176,48,'2019-04-19 00:00:00',1850),(177,45,'2019-04-19 00:00:00',1850),(178,46,'2019-04-19 00:00:00',1850),(179,44,'2019-04-19 00:00:00',1850),(180,47,'2019-04-19 00:00:00',1850),(181,43,'2019-04-19 00:00:00',1850),(182,42,'2019-04-19 00:00:00',1850),(189,49,'2019-04-19 00:00:00',500),(190,50,'2019-04-19 00:00:00',1000),(191,51,'2019-04-19 00:00:00',1000),(192,52,'2019-04-19 00:00:00',1000),(193,53,'2019-04-19 00:00:00',1000),(194,49,'2019-04-19 00:00:00',1000),(195,54,'2019-04-19 00:00:00',1000),(196,50,'2019-04-19 00:00:00',1350),(197,55,'2019-04-19 00:00:00',1350),(198,56,'2019-04-19 00:00:00',1350),(199,51,'2019-04-19 00:00:00',1350),(200,53,'2019-04-19 00:00:00',1350),(201,57,'2019-04-19 00:00:00',1350),(202,58,'2019-04-19 00:00:00',1350),(203,52,'2019-04-19 00:00:00',1350),(204,59,'2019-04-19 00:00:00',1350),(205,60,'2019-04-19 00:00:00',1350),(206,61,'2019-04-19 00:00:00',1350),(207,49,'2019-04-19 00:00:00',1350),(208,62,'2019-04-19 00:00:00',1350),(209,54,'2019-04-19 00:00:00',1350),(210,63,'2019-04-19 00:00:00',1500),(211,64,'2019-04-19 00:00:00',1500),(212,55,'2019-04-19 00:00:00',1500),(213,65,'2019-04-19 00:00:00',1500),(214,66,'2019-04-19 00:00:00',1500),(215,56,'2019-04-19 00:00:00',1500),(216,67,'2019-04-19 00:00:00',1500),(217,51,'2019-04-19 00:00:00',1500),(218,50,'2019-04-19 00:00:00',1500),(219,57,'2019-04-19 00:00:00',1500),(220,53,'2019-04-19 00:00:00',1500),(221,52,'2019-04-19 00:00:00',1500),(222,68,'2019-04-19 00:00:00',1500),(223,58,'2019-04-19 00:00:00',1500),(224,59,'2019-04-19 00:00:00',1500),(225,60,'2019-04-19 00:00:00',1500),(226,61,'2019-04-19 00:00:00',1500),(227,49,'2019-04-19 00:00:00',1500),(228,69,'2019-04-19 00:00:00',1500),(229,70,'2019-04-19 00:00:00',1500),(230,62,'2019-04-19 00:00:00',1500),(231,54,'2019-04-19 00:00:00',1500),(232,63,'2019-04-19 00:00:00',1850),(233,54,'2019-04-19 00:00:00',1850),(234,71,'2019-04-19 00:00:00',1850),(235,55,'2019-04-19 00:00:00',1850),(236,65,'2019-04-19 00:00:00',1850),(237,72,'2019-04-19 00:00:00',1850),(238,64,'2019-04-19 00:00:00',1850),(239,66,'2019-04-19 00:00:00',1850),(240,73,'2019-04-19 00:00:00',1850),(241,56,'2019-04-19 00:00:00',1850),(242,67,'2019-04-19 00:00:00',1850),(243,51,'2019-04-19 00:00:00',1850),(244,74,'2019-04-19 00:00:00',1850),(245,50,'2019-04-19 00:00:00',1850),(246,57,'2019-04-19 00:00:00',1850),(247,53,'2019-04-19 00:00:00',1850),(248,52,'2019-04-19 00:00:00',1850),(249,68,'2019-04-19 00:00:00',1850),(250,75,'2019-04-19 00:00:00',1850),(251,58,'2019-04-19 00:00:00',1850),(252,76,'2019-04-19 00:00:00',1850),(253,59,'2019-04-19 00:00:00',1850),(254,77,'2019-04-19 00:00:00',1850),(255,60,'2019-04-19 00:00:00',1850),(256,78,'2019-04-19 00:00:00',1850),(257,79,'2019-04-19 00:00:00',1850),(258,80,'2019-04-19 00:00:00',1850),(259,81,'2019-04-19 00:00:00',1850),(260,61,'2019-04-19 00:00:00',1850),(261,49,'2019-04-19 00:00:00',1850),(262,69,'2019-04-19 00:00:00',1850),(263,70,'2019-04-19 00:00:00',1850),(264,62,'2019-04-19 00:00:00',1850),(316,112,'2019-04-19 00:00:00',500),(317,113,'2019-04-19 00:00:00',1000),(318,113,'2019-04-19 00:00:00',1350),(319,113,'2019-04-19 00:00:00',1500),(320,113,'2019-04-19 00:00:00',1850),(323,115,'2019-04-19 00:00:00',1000),(324,116,'2019-04-19 00:00:00',1350),(325,115,'2019-04-19 00:00:00',1350),(326,116,'2019-04-19 00:00:00',1500),(327,117,'2019-04-19 00:00:00',1500),(328,115,'2019-04-19 00:00:00',1500),(329,118,'2019-04-19 00:00:00',1500),(330,118,'2019-04-19 00:00:00',1850),(331,116,'2019-04-19 00:00:00',1850),(332,117,'2019-04-19 00:00:00',1850),(333,119,'2019-04-19 00:00:00',1850),(334,115,'2019-04-19 00:00:00',1850),(335,120,'2019-04-19 00:00:00',1850),(336,121,'2019-04-19 00:00:00',1850),(337,122,'2019-04-19 00:00:00',1850);
/*!40000 ALTER TABLE `model_meta` ENABLE KEYS */;
UNLOCK TABLES;

--
-- Dumping data for table `models`
--

LOCK TABLES `models` WRITE;
/*!40000 ALTER TABLE `models` DISABLE KEYS */;
INSERT INTO `models` VALUES (1,1,'XRT_1_AutoML_20190419_001144',6),(2,1,'XRT_1_AutoML_20190419_015759',6),(3,1,'XRT_1_AutoML_20190419_022821',6),(4,1,'XRT_1_AutoML_20190419_030035',6),(8,1,'XGBoost_1_AutoML_20190418_233434',7),(9,1,'XGBoost_3_AutoML_20190418_233434',7),(10,1,'XGBoost_2_AutoML_20190418_233434',7),(11,1,'XGBoost_3_AutoML_20190418_165441',7),(12,1,'XGBoost_2_AutoML_20190418_165441',7),(13,1,'XGBoost_1_AutoML_20190418_165441',7),(14,1,'XGBoost_1_AutoML_20190418_170819',7),(15,1,'XGBoost_3_AutoML_20190418_170819',7),(16,1,'XGBoost_2_AutoML_20190418_170819',7),(17,1,'XGBoost_2_AutoML_20190419_001144',7),(18,1,'XGBoost_1_AutoML_20190419_001144',7),(19,1,'XGBoost_3_AutoML_20190419_001144',7),(20,1,'XGBoost_2_AutoML_20190419_015759',7),(21,1,'XGBoost_3_AutoML_20190419_015759',7),(22,1,'XGBoost_1_AutoML_20190419_015759',7),(23,1,'XGBoost_grid_1_AutoML_20190419_015759_model_1',7),(24,1,'XGBoost_grid_1_AutoML_20190419_015759_model_2',7),(25,1,'XGBoost_3_AutoML_20190419_022821',7),(26,1,'XGBoost_2_AutoML_20190419_022821',7),(27,1,'XGBoost_1_AutoML_20190419_022821',7),(28,1,'XGBoost_grid_1_AutoML_20190419_022821_model_1',7),(29,1,'XGBoost_3_AutoML_20190419_030035',7),(30,1,'XGBoost_grid_1_AutoML_20190419_030035_model_2',7),(31,1,'XGBoost_1_AutoML_20190419_030035',7),(32,1,'XGBoost_grid_1_AutoML_20190419_030035_model_1',7),(33,1,'XGBoost_2_AutoML_20190419_030035',7),(34,1,'XGBoost_grid_1_AutoML_20190419_030035_model_3',7),(35,1,'XGBoost_grid_1_AutoML_20190419_030035_model_4',7),(39,1,'StackedEnsemble_AllModels_AutoML_20190418_165441',5),(40,1,'StackedEnsemble_BestOfFamily_AutoML_20190418_165441',5),(42,1,'GLM_grid_1_AutoML_20190418_233434_model_1',2),(43,1,'GLM_grid_1_AutoML_20190418_165441_model_1',2),(44,1,'GLM_grid_1_AutoML_20190418_170819_model_1',2),(45,1,'GLM_grid_1_AutoML_20190419_001144_model_1',2),(46,1,'GLM_grid_1_AutoML_20190419_015759_model_1',2),(47,1,'GLM_grid_1_AutoML_20190419_022821_model_1',2),(48,1,'GLM_grid_1_AutoML_20190419_030035_model_1',2),(49,1,'GBM_1_AutoML_20190418_170819',1),(50,1,'GBM_3_AutoML_20190419_001144',1),(51,1,'GBM_2_AutoML_20190419_001144',1),(52,1,'GBM_5_AutoML_20190419_001144',1),(53,1,'GBM_1_AutoML_20190419_001144',1),(54,1,'GBM_4_AutoML_20190419_001144',1),(55,1,'GBM_4_AutoML_20190419_015759',1),(56,1,'GBM_5_AutoML_20190419_015759',1),(57,1,'GBM_3_AutoML_20190419_015759',1),(58,1,'GBM_2_AutoML_20190419_015759',1),(59,1,'GBM_grid_1_AutoML_20190419_015759_model_1',1),(60,1,'GBM_grid_1_AutoML_20190419_015759_model_2',1),(61,1,'GBM_grid_1_AutoML_20190419_015759_model_3',1),(62,1,'GBM_1_AutoML_20190419_015759',1),(63,1,'GBM_1_AutoML_20190419_022821',1),(64,1,'GBM_2_AutoML_20190419_022821',1),(65,1,'GBM_5_AutoML_20190419_022821',1),(66,1,'GBM_4_AutoML_20190419_022821',1),(67,1,'GBM_grid_1_AutoML_20190419_022821_model_2',1),(68,1,'GBM_grid_1_AutoML_20190419_022821_model_1',1),(69,1,'GBM_grid_1_AutoML_20190419_022821_model_3',1),(70,1,'GBM_3_AutoML_20190419_022821',1),(71,1,'GBM_grid_1_AutoML_20190419_030035_model_1',1),(72,1,'GBM_2_AutoML_20190419_030035',1),(73,1,'GBM_3_AutoML_20190419_030035',1),(74,1,'GBM_5_AutoML_20190419_030035',1),(75,1,'GBM_4_AutoML_20190419_030035',1),(76,1,'GBM_grid_1_AutoML_20190419_030035_model_6',1),(77,1,'GBM_grid_1_AutoML_20190419_030035_model_4',1),(78,1,'GBM_grid_1_AutoML_20190419_030035_model_3',1),(79,1,'GBM_grid_1_AutoML_20190419_030035_model_2',1),(80,1,'GBM_1_AutoML_20190419_030035',1),(81,1,'GBM_grid_1_AutoML_20190419_030035_model_5',1),(112,1,'DRF_1_AutoML_20190418_170819',4),(113,1,'DRF_1_AutoML_20190418_165441',4),(115,1,'DeepLearning_1_AutoML_20190419_001144',3),(116,1,'DeepLearning_1_AutoML_20190419_015759',3),(117,1,'DeepLearning_grid_1_AutoML_20190419_022821_model_1',3),(118,1,'DeepLearning_1_AutoML_20190419_022821',3),(119,1,'DeepLearning_1_AutoML_20190419_030035',3),(120,1,'DeepLearning_grid_1_AutoML_20190419_030035_model_1',3),(121,1,'DeepLearning_grid_1_AutoML_20190419_030035_model_2',3),(122,1,'DeepLearning_grid_1_AutoML_20190419_030035_model_3',3);
/*!40000 ALTER TABLE `models` ENABLE KEYS */;
UNLOCK TABLES;

--
-- Dumping data for table `models_errors`
--

LOCK TABLES `models_errors` WRITE;
/*!40000 ALTER TABLE `models_errors` DISABLE KEYS */;
INSERT INTO `models_errors` VALUES (1,'XGBoost_1_AutoML_20190418_213447',7),(2,'StackedEnsemble_BestOfFamily_AutoML_20190418_213447',5),(3,'GLM_grid_1_AutoML_20190418_213447_model_1',2),(4,'XGBoost_1_AutoML_20190418_214850',7),(5,'GBM_1_AutoML_20190418_214850',1),(6,'GLM_grid_1_AutoML_20190418_214850_model_1',2),(7,'DRF_1_AutoML_20190418_214850',4),(8,'DeepLearning_1_AutoML_20190419_004813',3),(9,'XGBoost_3_AutoML_20190419_004813',7),(10,'GBM_grid_1_AutoML_20190419_004813_model_2',1),(11,'GLM_grid_1_AutoML_20190419_004813_model_1',2),(12,'XRT_1_AutoML_20190419_004813',6),(13,'DRF_1_AutoML_20190419_004813',4),(14,'StackedEnsemble_BestOfFamily_AutoML_20190419_004813',5),(15,'GBM_2_AutoML_20190418_231402',1),(16,'DeepLearning_1_AutoML_20190418_231402',3),(17,'XGBoost_3_AutoML_20190418_231402',7),(18,'GLM_grid_1_AutoML_20190418_231402_model_1',2),(19,'XRT_1_AutoML_20190418_231402',6),(20,'DRF_1_AutoML_20190418_231402',4),(21,'StackedEnsemble_BestOfFamily_AutoML_20190418_231402',5),(22,'DeepLearning_1_AutoML_20190419_011529',3),(23,'GBM_grid_1_AutoML_20190419_011529_model_5',1),(24,'XGBoost_grid_1_AutoML_20190419_011529_model_1',7),(25,'GLM_grid_1_AutoML_20190419_011529_model_1',2),(26,'XRT_1_AutoML_20190419_011529',6),(27,'DRF_1_AutoML_20190419_011529',4),(28,'StackedEnsemble_BestOfFamily_AutoML_20190419_011529',5);
/*!40000 ALTER TABLE `models_errors` ENABLE KEYS */;
UNLOCK TABLES;

--
-- Dumping routines for database 'proj'
--
/*!50003 DROP FUNCTION IF EXISTS `diff_best_worst` */;
/*!50003 SET @saved_cs_client      = @@character_set_client */ ;
/*!50003 SET @saved_cs_results     = @@character_set_results */ ;
/*!50003 SET @saved_col_connection = @@collation_connection */ ;
/*!50003 SET character_set_client  = utf8mb4 */ ;
/*!50003 SET character_set_results = utf8mb4 */ ;
/*!50003 SET collation_connection  = utf8mb4_0900_ai_ci */ ;
/*!50003 SET @saved_sql_mode       = @@sql_mode */ ;
/*!50003 SET sql_mode              = 'STRICT_TRANS_TABLES,NO_ENGINE_SUBSTITUTION' */ ;
DELIMITER ;;
CREATE DEFINER=`root`@`localhost` FUNCTION `diff_best_worst`(algor_id varchar(20) ) RETURNS float
    DETERMINISTIC
begin 
	declare minn float;
declare maax float;
declare diff float;
set minn=(SELECT min(rmse) from leaderboard left join models_errors on leaderboard.md_id=models_errors.id
left join algo on models_errors.algo_id=algo.id where algo.algo=algor_id);
set maax=(SELECT max(rmse) from leaderboard left join models_errors on leaderboard.md_id=models_errors.id
left join algo on models_errors.algo_id=algo.id where algo.algo=algor_id);
set diff=maax-minn;
return diff;
END ;;
DELIMITER ;
/*!50003 SET sql_mode              = @saved_sql_mode */ ;
/*!50003 SET character_set_client  = @saved_cs_client */ ;
/*!50003 SET character_set_results = @saved_cs_results */ ;
/*!50003 SET collation_connection  = @saved_col_connection */ ;
/*!40103 SET TIME_ZONE=@OLD_TIME_ZONE */;

/*!40101 SET SQL_MODE=@OLD_SQL_MODE */;
/*!40014 SET FOREIGN_KEY_CHECKS=@OLD_FOREIGN_KEY_CHECKS */;
/*!40014 SET UNIQUE_CHECKS=@OLD_UNIQUE_CHECKS */;
/*!40101 SET CHARACTER_SET_CLIENT=@OLD_CHARACTER_SET_CLIENT */;
/*!40101 SET CHARACTER_SET_RESULTS=@OLD_CHARACTER_SET_RESULTS */;
/*!40101 SET COLLATION_CONNECTION=@OLD_COLLATION_CONNECTION */;
/*!40111 SET SQL_NOTES=@OLD_SQL_NOTES */;

-- Dump completed on 2019-04-26 23:31:14
